City,Bottle Size,Avg Growth Rate
BLOOMFIELD,s,72.23475006702846
PLEASANT VALLEY,s,49.24178840353926
SAGEVILLE,l,41.78569050413309
HULL,s,13.58005432020776
DOON,s,8.640100911342687
LAMONT,l,5.849727805876506
FONTANELLE,l,5.4345159537303
MURRAY,l,5.104606858330447
ALBERT CITY,s,4.074096165246233
COLESBURG,m,4.024670411186922
VAN HORNE,s,3.9175101442500986
HUBBARD,s,3.5762240652585526
HULL,l,3.5263774328114352
GRAETTINGER,s,3.2169077792617355
ESSEX,l,3.107917692113517
ALBERT CITY,l,2.781556786181707
COLESBURG,s,2.606339261654541
WYOMING,l,2.522365086654082
HULL,m,2.402833017917955
BALDWIN,s,2.2784447508797117
MORNING SUN,l,2.2035936734163317
STANWOOD,s,2.2002235060851567
WEST BEND,l,2.1970589727896623
COLESBURG,l,2.1843002489446905
ALBERT CITY,m,2.1327948171953004
VILLISCA,l,2.104827361514294
WHITTEMORE,s,1.9737075266911794
HINTON,m,1.9456002611001801
MORNING SUN,m,1.8848396763839632
DONNELLSON,l,1.8571401262256193
BROOKLYN,l,1.8295597910277905
EDDYVILLE,l,1.8221570597427599
MURRAY,m,1.7033377565780827
PLEASANT VALLEY,l,1.6770591917531192
DANVILLE,l,1.6180170450540154
STANWOOD,l,1.5791438980134147
HUBBARD,m,1.5783075610157216
STANWOOD,m,1.5680759427220685
POMEROY,l,1.542240144485271
EDDYVILLE,m,1.4465512897633501
REINBECK,s,1.4377768421661006
NEW HARTFORD,s,1.4359800112228227
MAYNARD,l,1.408170683069172
GLADBROOK,s,1.4058859044175036
ALTON,l,1.3993490837781872
BROOKLYN,m,1.3982390653527583
SIOUX CENTER,s,1.386776423818499
LE CLAIRE,m,1.3526204244604942
MURRAY,s,1.3465026535020785
MT PLEASANT,s,1.3108077110732925
BAXTER,s,1.3027977301670273
EDDYVILLE,s,1.294756327615196
BALDWIN,m,1.2904266450390294
ALLERTON,m,1.2746251536720885
FONTANELLE,m,1.270293746835694
KALONA,s,1.262861029529286
WILLIAMSBURG,l,1.2296788024564522
FONDA,s,1.211412145826375
WOODBINE,s,1.2047837114182158
LAKE VIEW,l,1.1863837478676151
VILLISCA,s,1.1789167248116657
NEW HARTFORD,l,1.1779107394554116
GUTTENBERG,s,1.1554578194595788
TIFFIN,l,1.1293443753331707
COGGON,l,1.1148354872507837
MELBOURNE,m,1.1090231479241106
ALTON,s,1.1034733306947901
HINTON,s,1.0946013939240617
NICHOLS,l,1.0768445843346797
VILLISCA,m,1.0710406295878543
FAIRBANK,s,1.066224595443068
HILLS,l,0.9961388350486194
ROLAND,l,0.9952782263004801
LE GRAND,s,0.9893326254042529
DYSART,s,0.9890734553936401
CENTER POINT,s,0.9874228032503524
MARTELLE,s,0.9680336341211307
BLAIRSTOWN,s,0.9493939379621813
STRATFORD,s,0.9472655955229751
DEWITT,m,0.940949921357872
ELK RUN HEIGHTS,s,0.9327277299610696
WEST BEND,s,0.892010446874759
LE CLAIRE,s,0.8899249595923409
PLEASANTVILLE,m,0.88742475381075
CLARENCE,l,0.8870231573986405
LE CLAIRE,l,0.8753873855708134
DEWITT,l,0.859207283813014
RICEVILLE,s,0.8478688671437884
NEW LONDON,s,0.8425787874051963
SWEA CITY,s,0.8389285543253293
MORNING SUN,s,0.8372254799613081
ESSEX,m,0.8284757537706001
COGGON,s,0.813692900229112
GLADBROOK,m,0.8109469340370938
ELDON,l,0.799947899638102
CORWITH,s,0.7985259670649404
DELMAR,s,0.7985224331032592
SULLY,s,0.7888300314189359
LONE TREE,l,0.7861499153030738
RUTHVEN,l,0.7642845816845929
CLERMONT,s,0.7615569458704273
DAKOTA CITY,s,0.7613273145269889
ESSEX,s,0.7549838881059132
LONE TREE,s,0.7496877518370869
WALKER,s,0.7454099923868055
ST ANSGAR,s,0.7438803971374193
KALONA,l,0.742520367142297
BROOKLYN,s,0.722763273092318
OSSIAN,l,0.7205850171420236
ELK RUN HEIGHTS,l,0.7187920368962376
WAPELLO,m,0.7172130652118957
BUFFALO CENTER,s,0.7163668435003278
EVANSDALE,s,0.7154123718880703
TRURO,m,0.7071905544642471
FONTANELLE,s,0.7043352988474941
WAPELLO,s,0.7020491565565021
WAPELLO,l,0.6958594358461486
LOHRVILLE,s,0.6907872879733633
WASHBURN,l,0.6907281003222937
WEST BEND,m,0.6824674528597604
CORWITH,l,0.6820140288031448
MOUNT VERNON,s,0.6818088619764793
CORRECTIONVILLE,m,0.6803066505603955
GRAND MOUNDS,m,0.6802745863063349
DALLAS CENTER,s,0.6776636206433423
LE GRAND,m,0.6775199044279953
RUDD,m,0.6746849508319388
ROLAND,s,0.6719762787293714
FORT MADISON,s,0.6694019023591902
FREDERICKSBURG,s,0.6674292292334058
MADRID,s,0.6648099959074749
OGDEN,m,0.6611221140935587
BALDWIN,l,0.6575950832366747
MAXWELL,s,0.6573686338932948
MOUNT AYR,s,0.6564542146592661
MANNING,s,0.6536233441618453
NASHUA,s,0.6509796771133997
JESUP,s,0.642679007404007
EARLY,s,0.6374087014318927
CONRAD,m,0.6350779415349519
ACKLEY,s,0.6349967194767915
WILLIAMSBURG,m,0.6300493674072206
JESUP,l,0.6290558724776423
GRISWOLD,l,0.6266094263397259
SIGOURNEY,s,0.6258300536462477
WHAT CHEER,l,0.6249785695618572
CORWITH,m,0.6231188286586402
WHAT CHEER,m,0.621560062870907
SAGEVILLE,s,0.6212973649593019
MERRILL,s,0.6210994153141485
AKRON,s,0.6174730439398098
MELBOURNE,s,0.6148443538414355
DENVER,s,0.614171257923367
GOLDFIELD,s,0.6127103716115243
LAURENS,s,0.6123036988300565
LE GRAND,l,0.6107834773992691
AVOCA,s,0.6041594028266312
OGDEN,l,0.6014611361528824
LONE TREE,m,0.5961818043814787
KALONA,m,0.5947432087910682
MANCHESTER,s,0.5936340006040058
ALDEN,s,0.5933847856771505
GRAND MOUNDS,s,0.5908659389557308
ZWINGLE,s,0.5907307689489604
VAN HORNE,m,0.590648609136622
WYOMING,s,0.589114913107908
PALO,l,0.5878326291204309
STRAWBERRY POINT,s,0.5868071461793
NEW HARTFORD,m,0.5849003982478478
LAKE VIEW,s,0.5816074444427276
OGDEN,s,0.5729356809487759
MIDDLETOWN,l,0.5714055265195818
DEXTER,s,0.5680544928143344
TAMA,s,0.5668285233909255
PERRY,s,0.5662445482473866
POMEROY,m,0.563739503115616
NEW LONDON,m,0.5627180728909781
MANLY,s,0.5604275817453112
ARMSTRONG,s,0.5567825413594223
ALTON,m,0.5567515828203676
DAYTON,s,0.5536741856104863
HAMPTON,s,0.5524439087730452
ADAIR,l,0.5444235998698729
FARMINGTON,s,0.5439286074670119
CORRECTIONVILLE,s,0.5426134817729215
RICEVILLE,l,0.5407281965869583
HUDSON,l,0.5389386629371814
SAINT ANSGAR,l,0.5378580671942554
MONROE,s,0.5373982743984884
MERRILL,m,0.5368009026961343
MAYNARD,m,0.5339211875471666
AMANA,s,0.5321780185877247
BUFFALO CENTER,m,0.5313156947195733
TRURO,l,0.5293329666896951
JESUP,m,0.5284394867663792
KINGSLEY,s,0.5282906289615693
DALLAS CENTER,m,0.5276492400040157
NICHOLS,s,0.5250655771456731
HARPERS FERRY,s,0.5244440508279394
MAYNARD,s,0.5216949636407481
ELMA,m,0.5179218510094801
CLARKSVILLE,s,0.5176797007370448
AFTON,s,0.5141875697502262
PLEASANT VALLEY,m,0.5110701379582693
NASHUA,m,0.5107430462249467
VINTON,s,0.5103970267932425
SHUEYVILLE,m,0.5080613432626845
HINTON,l,0.5072712617731693
LAKE CITY,s,0.5051999318016184
BEDFORD,s,0.5032186232140693
NEW HAMPTON,s,0.5022538676985259
POMEROY,s,0.5009792522420351
SPRINGVILLE,s,0.5006947260223896
HUXLEY,s,0.4985618818547741
MONONA,s,0.49778018020049936
ALTA,s,0.49059248699334845
COGGON,m,0.4904483278072142
GRANGER,s,0.48961764079188935
LAKE PARK,s,0.4895468229059073
DONNELLSON,m,0.4889717050054536
MAXWELL,m,0.4888323576818299
ELDON,s,0.4877980468901739
DELHI,s,0.4842612529778687
MARQUETTE,m,0.48366659046437843
PRAIRIE CITY,s,0.48134168238206754
GUTTENBERG,m,0.4808646360816305
DELHI,l,0.4802641661625327
TABOR,s,0.47967063100338225
NICHOLS,m,0.4760864019654081
NASHUA,l,0.4750902558496694
GILBERTVILLE,s,0.4732136125875947
BRITT,s,0.4731180975106402
OSCEOLA,s,0.4723932572751177
WOODWARD,s,0.4681735797779846
BUFFALO,s,0.46757026895777054
SHEFFIELD,s,0.46579293923864656
WHAT CHEER,s,0.46136526327771465
CONRAD,s,0.4611019923905762
MARENGO,s,0.46062108010973923
GARNER,m,0.45945090833735125
LATIMER,m,0.45631051724552907
CUMMING,s,0.45393844999438615
HILLS,s,0.4526823719196715
MELCHER-DALLAS,m,0.4519055642088863
HARPERS FERRY,l,0.45059032054682696
RICEVILLE,m,0.4495591230691707
WEST BRANCH,s,0.4477854652000255
WEST UNION,s,0.44715352777352596
MARCUS,m,0.44439648681861216
FLOYD,m,0.44429358198517244
RED OAK,s,0.44241533821643797
TIFFIN,m,0.4422740202944005
GEORGE,m,0.4421490705760438
CLARENCE,m,0.44125526142669963
WALL LAKE,s,0.4409557930630262
LIME SPRINGS,l,0.44071155531109824
GRAETTINGER,m,0.4375852486063348
ROLAND,m,0.437333037990344
POLK CITY,s,0.4352726469601182
MARCUS,s,0.4338061522959099
HUDSON,m,0.43377456189815256
LIVERMORE,l,0.4337172396493505
NEW LONDON,l,0.43183235621392635
RAYMOND,s,0.4303834599647045
DECORAH,s,0.4296626301521245
VAN METER,s,0.42930215871677957
DONNELLSON,s,0.4286545464573075
FOREST CITY,m,0.4278276323176507
HARPERS FERRY,m,0.4263310441745965
WELLMAN,s,0.4243613485494235
LARCHWOOD,s,0.42141650697355243
URBANA,s,0.42017622742874866
ONAWA,s,0.4193718983299199
HAMBURG,s,0.4188168699645685
BANCROFT,m,0.41566594426275344
URBANDALE,s,0.4134654149500976
SWISHER,l,0.41135043928834564
LISBON,s,0.41095689041822636
HUMESTON,s,0.409415098342006
ARNOLDS PARK,m,0.4093652628146105
WELLSBURG,s,0.4092905575106525
CAMANCHE,s,0.4054297786595526
DALLAS CENTER,l,0.4053800467347933
CLARENCE,s,0.403748933415755
EDGEWOOD,m,0.4027944846540797
MARQUETTE,s,0.40135291700723313
WALCOTT,l,0.39952541918519563
RUTHVEN,s,0.3987990659819204
LAKE VIEW,m,0.39690223941695374
GREENE,s,0.39653633956772705
HUDSON,s,0.39651544337477884
ELDRIDGE,m,0.3964638539535134
SCHLESWIG,m,0.39615855689072316
ROBINS,l,0.39527060904321454
ELDON,m,0.3951909675739582
HILLS,m,0.3950824230788145
ELDORA,s,0.3949064413524141
REDFIELD,s,0.39490423295028715
ROCK RAPIDS,s,0.39388046846645386
CLERMONT,m,0.3928429566732912
COLFAX,s,0.3917508259654781
RAYMOND,m,0.39117732129731014
DOON,m,0.38981745605767354
MONTEZUMA,s,0.3895882656552773
APLINGTON,l,0.38873312357059114
HAMPTON,m,0.3877359387379243
MONTROSE,l,0.3840545438587992
ELK RUN HEIGHTS,m,0.38390701183805137
ADEL,s,0.38199591725247234
ORANGE CITY,s,0.38081306467203263
WINFIELD,s,0.3801536410975415
NORTH ENGLISH,s,0.3797532482841571
GRINNELL,s,0.3768124876430606
GUTHRIE CENTER,s,0.3757727010034189
DAYTON,m,0.3747972831959678
HOLSTEIN,s,0.3696873354811098
JEWELL,s,0.3680624950545757
ST LUCAS,m,0.36609089557769137
CRESTON,s,0.3659505366365751
MORAVIA,m,0.365194470339343
ROCKFORD,s,0.36493933012002605
MALVERN,s,0.3642936654116773
DEWITT,s,0.3639008981031941
OTHO,m,0.3604803263848786
MECHANICSVILLE,s,0.358770242338319
ROBINS,s,0.35860148257311586
GEORGE,s,0.3571515184960505
CORALVILLE,s,0.3568689417364837
APLINGTON,s,0.35537633217255055
ALTA,m,0.35379538083382805
MONROE,l,0.3537798080548414
SULLY,m,0.3534203726158789
SAC CITY,s,0.3529817007585349
LOVILIA,s,0.3520501186731411
ALLISON,s,0.3517292257706141
SHELLSBURG,s,0.351420664624972
LOVILIA,l,0.3513028785328976
JEWELL,m,0.34810063638905064
BONDURANT,m,0.34750724345955747
CRESCENT,m,0.3437756905071867
HAWARDEN,m,0.342598716540606
SANBORN,m,0.3425636385446169
EARLHAM,m,0.3408236183668894
NEWTON,s,0.3401628700402563
CARLISLE,s,0.3398951607822572
DYERSVILLE,s,0.33965426766020373
COON RAPIDS,s,0.33851774007685903
PEOSTA,s,0.3384620607455017
BONDURANT,s,0.3355550903253805
MARQUETTE,l,0.3340124342991104
GRIMES,m,0.3317126129785034
MOUNT AYR,m,0.3311706479557792
LEON,s,0.33067650521682385
EARLHAM,s,0.32993529336862687
VINTON,m,0.3294555989657329
CRESCENT,s,0.32897307645361856
GRISWOLD,s,0.3283276831573934
GOLDFIELD,l,0.3276793287437236
FREMONT,m,0.32518902886351775
WESLEY,m,0.324412950949674
POLK CITY,m,0.3243152422779711
PACIFIC JUNCTION,s,0.32367005484051253
CEDAR FALLS,s,0.32283962491519064
MINDEN,m,0.32237051467239475
MECHANICSVILLE,l,0.3202947565994351
AUDUBON,s,0.31946191222571146
FORT ATKINSON,s,0.31910864356910856
DOWS,s,0.3184312900227781
ALBION,m,0.3170351200081765
WALCOTT,m,0.31665516514555087
GLENWOOD,s,0.31632825062910924
WAUKEE,s,0.31572667496863555
WALCOTT,s,0.3156088152354981
FAIRFAX,l,0.31554751554856963
EVANSDALE,m,0.3148458824543129
KANAWHA,s,0.31222559592649246
STUART,s,0.31022992821344064
SPENCER,s,0.3100842167618269
ADAIR,s,0.30991079146891715
OELWEIN,s,0.30919323797814857
MILFORD,m,0.3074712168662011
FREDERICKSBURG,m,0.3073686454394981
BLAIRSTOWN,m,0.3064072317811533
GLENWOOD,m,0.30631679658599575
DELAWARE,l,0.305522708126252
WILLIAMSBURG,s,0.3041780074362757
REDFIELD,m,0.3041046253240873
ALBIA,s,0.30381004921746435
MITCHELLVILLE,s,0.30313689039789216
FLOYD,s,0.3026797983327462
ALTOONA,s,0.30259324027545276
HOLSTEIN,m,0.30235102432370825
OXFORD,s,0.2999261137020401
OSKALOOSA,s,0.2998019700819486
VICTOR,s,0.29961940878225723
GLIDDEN,s,0.2994315134676347
SCRANTON,s,0.29911394155620036
HUMBOLDT,s,0.2987813438314366
MITCHELLVILLE,l,0.29760805476941965
CAMANCHE,m,0.29377736097188545
BANCROFT,s,0.292107350415111
CRESCO,s,0.2916844868240119
GRIMES,s,0.2898710207352898
ARMSTRONG,m,0.2895905572465061
VAN HORNE,l,0.2893401144896855
CORNING,s,0.288746658217672
FAIRFAX,s,0.2879260127517879
ST LUCAS,l,0.2875543985714874
TRIPOLI,s,0.2873849553105061
SIOUX RAPIDS,s,0.2873586855889954
BLUE GRASS,l,0.2872231441012221
OKOBOJI,l,0.28683193761952286
STANTON,m,0.28639581398588815
ST CHARLES,m,0.28632835635069787
CLINTON,s,0.28622908462807994
GILMORE CITY,s,0.2861708517069699
LOVILIA,m,0.2861585889688605
ARLINGTON,m,0.28582081386149477
WALFORD,s,0.2853971973812737
ALBION,s,0.285351921454633
MONTROSE,m,0.2851763559737573
PRAIRIE CITY,m,0.2837080636906925
HARTLEY,s,0.2824434178411352
LAKE PARK,l,0.2819001776140973
CLARINDA,s,0.28148932461180953
CORRECTIONVILLE,l,0.28014901225676586
CLEAR LAKE,s,0.2800372598659005
BOONE,s,0.27987641505458827
DURANT,s,0.2779422349025268
STATE CENTER,s,0.2778096073200316
TREYNOR,s,0.27685936484990065
PACIFIC JUNCTION,m,0.27683990546192544
MIDDLETOWN,s,0.2758042155282724
GLIDDEN,m,0.27442702208257114
ROCKWELL CITY,s,0.27426002890873885
NORWAY,l,0.2739875208009391
HAZLETON,l,0.27302086808319453
REDFIELD,l,0.2716183427184185
LA PORTE CITY,s,0.2714172391745584
ALLERTON,l,0.2713280562884784
WEST BRANCH,m,0.2709306170583085
MONROE,m,0.2706227932274898
EDGEWOOD,s,0.27008681790492256
FARLEY,s,0.26928363519451204
HOLY CROSS,m,0.2691656836922104
NEW SHARON,s,0.2682127868148296
ROCKWELL,s,0.26791501769332515
HUXLEY,m,0.2675053129025288
MARION,s,0.26750405492222823
DELMAR,m,0.26742951737424664
DEXTER,m,0.2673184393335564
LATIMER,s,0.26725613246557195
SANBORN,s,0.2663269322180995
IOWA FALLS,s,0.26614102408836077
SHUEYVILLE,s,0.2654356436053289
OELWEIN,m,0.26498479144480946
HUMESTON,m,0.26397376066337686
POCAHONTAS,m,0.26373063989141243
VICTOR,m,0.2635684777614393
INDIANOLA,s,0.26329814704069104
WASHINGTON,s,0.26287172942419224
ROBINS,m,0.2624531568702291
SIGOURNEY,m,0.2623732498914229
OXFORD,m,0.26213596467625555
LARCHWOOD,m,0.2617255578846787
GOWRIE,m,0.2617002408857598
SHENANDOAH,s,0.2616160326111839
ANKENY,s,0.26143069537235947
PLEASANT HILL,s,0.26119483490466244
GRANGER,m,0.26055214489405376
ATLANTIC,s,0.2604001715019022
MEDIAPOLIS,m,0.25940944450649067
STRAWBERRY POINT,m,0.25904734063413515
IDA GROVE,s,0.2587591492643438
PALO,m,0.2587553521820381
TABOR,m,0.25868119522790217
POLK CITY,l,0.25828576688101385
BELLEVUE,m,0.258241271918442
POSTVILLE,l,0.2581228134801629
LOST NATION,m,0.25767286461532296
SHELDON,s,0.2563339376719967
WAVERLY,s,0.2557054831622425
PAULLINA,m,0.25531940050180113
NORWAY,m,0.25461032182201615
FLOYD,l,0.2532572729841452
CLARKSVILLE,m,0.25308993469410185
AFTON,m,0.25305565706332633
COLFAX,m,0.25298473347843436
OSCEOLA,m,0.2526115510936245
REINBECK,m,0.2526003641593136
PELLA,s,0.2525368349788106
ANITA,s,0.2518458106551746
PLEASANTVILLE,s,0.2517457859859908
RUNNELLS,m,0.2514478722172332
OAKLAND,m,0.2508545402267608
ZWINGLE,m,0.2506300892008158
MARTELLE,l,0.25060495542433714
WAUKON,m,0.2504291385863424
WINFIELD,m,0.250101282826035
SAC CITY,m,0.24978462375040333
COLO,m,0.24924750159462541
WHEATLAND,l,0.24904209440162586
BELLE PLAINE,m,0.24865694878008895
NEW SHARON,m,0.24839330887483957
GRAND JUNCTION,s,0.2469518861633028
DECORAH,m,0.24678617806308234
SHELBY,m,0.24674381046945273
MARTENSDALE,s,0.24567544322078402
CORNING,m,0.24421749081881491
LENOX,m,0.24280562011957255
DENISON,s,0.2413349120020043
POSTVILLE,m,0.24031769612033727
SHELBY,l,0.2402399093256093
FARMINGTON,l,0.23968057660654477
EAGLE GROVE,s,0.2391035336253949
VAN METER,m,0.23793993642319097
AUDUBON,m,0.23790558491458255
SULLY,l,0.2363451944508543
EVANSDALE,l,0.2363345924328537
PAULLINA,s,0.23594032842671755
SPRINGVILLE,m,0.23457676288664622
ALDEN,m,0.2337379323184794
NORA SPRINGS,s,0.23310374228264372
WEST DES MOINES,s,0.23198418116891073
TRURO,s,0.2319718400690023
ACKLEY,m,0.23088682795544824
FREMONT,l,0.2306891975917208
ROCK RAPIDS,m,0.23054124837415893
INWOOD,s,0.23046412141788172
NORTHWOOD,s,0.23021850079139652
SHEFFIELD,m,0.22993410525764524
DUBUQUE,s,0.22981065028826023
MOUNT VERNON,m,0.22887529065988596
CHARITON,s,0.2287506095867575
CARROLL,s,0.22852621781825289
KNOXVILLE,s,0.22727139487857664
MONTROSE,s,0.22684619554222915
ELKADER,m,0.22603769748995128
GRAND MOUNDS,l,0.22589477228030663
STATE CENTER,m,0.22572195060166508
MADRID,l,0.2254873543048137
SWEA CITY,m,0.22503534873046172
EARLY,l,0.22454958399313185
VINTON,l,0.22420408624038754
ELDRIDGE,s,0.22339193499382112
PRINCETON,s,0.22308597421715046
LAWLER,s,0.22249901973161848
MERRILL,l,0.2223072791321374
TIFFIN,s,0.22201757781938625
EMMETSBURG,m,0.22179047778911776
WINDSOR HEIGHTS,s,0.22162471038916295
NORWALK,m,0.2216052109447103
ESTHERVILLE,s,0.2214585143044164
SAGEVILLE,m,0.21977582028611975
CHARLES CITY,s,0.21964655501173205
CARTER LAKE,m,0.21953332676103657
ODEBOLT,l,0.21917156062132942
KINGSLEY,m,0.21901295757412434
INDEPENDENCE,s,0.21780714158672998
COUNCIL BLUFFS,m,0.2177205100226203
ADEL,m,0.2161669003493392
CARLISLE,m,0.21499077038810277
KEOSAUQUA,s,0.21494345328805933
DUNLAP,m,0.21415822293056097
NEVADA,s,0.21413604357084626
BLUE GRASS,s,0.21413523123977116
GRISWOLD,m,0.21363687288577915
BLUE GRASS,m,0.21347924740490062
ALBURNETT,l,0.2134779183351078
CENTERVILLE,s,0.2133227171525277
NORWALK,s,0.21201747789741043
NEWTON,m,0.21195257796461653
SLOAN,s,0.210988475299002
RIVERSIDE,s,0.21067563587431803
ANAMOSA,s,0.21005905266479222
OTTUMWA,s,0.20973356749356176
MARTENSDALE,l,0.20968851337742175
ALGONA,s,0.20912602492083854
HAWARDEN,s,0.20887796657674573
PERRY,m,0.2087485922963447
GUTHRIE CENTER,m,0.20863097793032903
AMES,s,0.2083617887066239
CRESCO,m,0.20815439572752129
NORTH ENGLISH,l,0.20802703102667083
LANSING,s,0.20798842300568762
MARENGO,m,0.20748628446900044
ROCKFORD,m,0.20728139385957675
GARNER,l,0.2072040046400292
RED OAK,m,0.20612817100384925
DYERSVILLE,m,0.20575123806070517
OTHO,s,0.20573258709199493
MAQUOKETA,m,0.20561680368147736
NORTHWOOD,m,0.20431332766819232
ONAWA,m,0.20379559468220418
SERGEANT BLUFF,s,0.20327790463333004
WEST DES MOINES,m,0.20225484285026488
MAPLETON,s,0.20224847210534655
DURANT,m,0.2011830551303286
CENTRAL CITY,s,0.2009432700150294
GOLDFIELD,m,0.19978009179473677
MISSOURI VALLEY,m,0.19970926671824762
MITCHELLVILLE,m,0.19731926258396495
MINDEN,s,0.19724331147685037
KEOKUK,s,0.19723598313147236
LAKE MILLS,s,0.19692961098039508
FORT DODGE,s,0.19662077975024117
GRUNDY CENTER,s,0.1965188407951491
TAMA,m,0.19603987589393165
WILTON,s,0.1948864711132091
NORTH ENGLISH,m,0.19328565686337726
GREENE,m,0.1930440938114977
SOLON,s,0.19304399067118827
FONDA,m,0.19218968226199554
FAIRFIELD,s,0.19131679260759982
AURELIA,s,0.19093195901753857
BRITT,m,0.18985471430767253
SLATER,s,0.18980024131825404
TIPTON,m,0.18871618968407533
SLOAN,m,0.18797130380814342
CENTRAL CITY,l,0.18734181015794601
CLIVE,m,0.18722970357746493
REMSEN,s,0.1870746674887954
PEOSTA,l,0.1867855890069271
ROCK VALLEY,s,0.18568537841263963
DOWS,m,0.18560282131766878
NEOLA,s,0.18556021126901792
MILFORD,s,0.1850800298801654
RUNNELLS,s,0.1850561791212587
OKOBOJI,s,0.1850172619055385
AKRON,l,0.18341634889031444
SPIRIT LAKE,s,0.18239343983769407
WINTHROP,m,0.1817982400336545
INDIANOLA,m,0.18172891490622112
LAMONI,m,0.18142822609052311
AVOCA,m,0.18131656195771514
ELY,s,0.18130316988744155
ROCK VALLEY,m,0.18101964324713407
AKRON,m,0.18099722444226396
NEOLA,m,0.17866547525552426
COLUMBUS JUNCTION,m,0.17818033906141842
MARCUS,l,0.17799584122682133
ST CHARLES,s,0.17736253697274185
TRIPOLI,m,0.17704999419329828
CLIVE,s,0.17669481819388314
BELLE PLAINE,s,0.1761472556428896
MELBOURNE,l,0.17611638834449528
SERGEANT BLUFF,m,0.17546889345517877
ANTHON,s,0.17536583130226693
GRIMES,l,0.17536391337178925
ARNOLDS PARK,s,0.17482439679467754
MOUNT AYR,l,0.1748140798942767
EXIRA,l,0.1743064470686355
PELLA,m,0.17372367599823155
OSKALOOSA,m,0.17343783986459096
STANTON,s,0.17332190551717205
SIBLEY,m,0.1728593626960263
STRATFORD,m,0.17282003622725794
FREMONT,s,0.1726060074872054
COON RAPIDS,m,0.17213107083000775
COUNCIL BLUFFS,s,0.17154223726579598
CORYDON,s,0.17120113365886144
DE SOTO,s,0.17109528522545078
ANTHON,m,0.17101024125759634
SUTHERLAND,s,0.17045012640636922
JOHNSTON,s,0.17028223323868605
MARSHALLTOWN,m,0.17025304836032099
SOLON,m,0.17020056008982376
OAKLAND,s,0.16909348483629247
ADAIR,m,0.16905946403347527
MORAVIA,s,0.16905593446052994
DE SOTO,m,0.1685210738708659
CORALVILLE,m,0.16845683550208013
GEORGE,l,0.16845420144317222
WASHBURN,m,0.1683388839486906
IOWA CITY,s,0.16799200162573688
SPIRIT LAKE,m,0.16780224182441694
HUMESTON,l,0.167250198893929
NEVADA,l,0.16724468231242806
TAMA,l,0.16716542192559994
BELMOND,s,0.167078009021264
ELMA,s,0.16666666666666666
NEVADA,m,0.16645542461388643
WATERLOO,s,0.16612828216606793
LE MARS,s,0.16601566724368363
AMES,m,0.16517104535248464
SIBLEY,s,0.16509244637031198
KEOTA,l,0.16439504509741518
BONDURANT,l,0.16387217705871837
WINTHROP,s,0.16341470472551223
WOODBINE,l,0.16339494582679914
ATKINS,m,0.1625262592264918
CENTER POINT,m,0.16174001483522257
GILBERTVILLE,m,0.1616407805839063
STUART,m,0.16135597753058217
NORWALK,l,0.16127635870226043
POSTVILLE,s,0.16114708650937867
HIAWATHA,m,0.16054179689154244
SHELDON,m,0.15865699378164588
SUMNER,m,0.15846148489483672
FAIRFAX,m,0.1583869236364054
CASCADE,s,0.15786743836943717
MISSOURI VALLEY,s,0.15695478138399463
GRINNELL,m,0.15619297430029824
DAKOTA CITY,l,0.1557672876923778
CLEAR LAKE,m,0.1557361077693289
RED OAK,l,0.15551531237556393
CEDAR FALLS,m,0.15532016837320128
ANKENY,m,0.15514690679066537
KEOKUK,m,0.15482962269897996
ZWINGLE,l,0.15421443136831178
EXIRA,m,0.15393755697991704
NORWAY,s,0.15334558324766237
WEBSTER CITY,s,0.15317236663976516
MUSCATINE,s,0.15283099623129973
NEW HAMPTON,m,0.15269413701839565
WEST LIBERTY,s,0.15212310852593314
MONONA,m,0.1519070424629986
RUDD,l,0.15178561632701454
GOWRIE,s,0.15160771429326458
ALBURNETT,s,0.15156590417167695
WOODWARD,l,0.15133606855529322
MASON CITY,s,0.15096481133635298
MANLY,l,0.15049001393210645
ELKADER,l,0.14984549534414207
LECLAIRE,m,0.14924301172260981
LAMONI,s,0.1487176602583292
REMSEN,m,0.14850491436488783
DELMAR,l,0.14839157303046596
LEON,l,0.14834275763493024
STORM LAKE,s,0.1480379627264111
CENTRAL CITY,m,0.14794587724626676
LECLAIRE,s,0.14773690773523404
WINDSOR HEIGHTS,m,0.14739064949716793
MANLY,m,0.14715604308085292
KELLOGG,m,0.1471507851737098
GILMORE CITY,m,0.14681160529719056
PEOSTA,m,0.14671604494702387
BOONE,m,0.14645026608912615
GLIDDEN,l,0.1459899789584914
HIAWATHA,s,0.1455618130061602
LE MARS,m,0.145539877286772
GREENFIELD,s,0.14548781812474668
ALTA,l,0.14536683729913943
DYSART,m,0.1450335109490861
MAPLETON,m,0.14457438470755082
AMANA,m,0.14388911061337942
WAUKON,s,0.14387430946441562
MOUNT PLEASANT,s,0.14385702950317805
AUDUBON,l,0.14359492227042323
SIOUX CITY,s,0.14354129701091659
MECHANICSVILLE,m,0.14335467290474144
DUMONT,s,0.14325201603726279
PLEASANT HILL,m,0.14317920776426332
BELLEVUE,s,0.14280654681835978
TIPTON,s,0.14272477271349807
POCAHONTAS,s,0.142614360170176
WINTERSET,s,0.1425013225459819
TIPTON,l,0.14224880956954103
KNOXVILLE,m,0.1419451340292407
DES MOINES,m,0.14160819851290463
ALGONA,m,0.14133031271066906
OXFORD,l,0.14120522702988658
FAIRFIELD,l,0.14098292743581578
GOWRIE,l,0.1408219997996303
WEST BURLINGTON,s,0.14056780661182972
NEW HAMPTON,l,0.14024530917549458
SIOUX RAPIDS,l,0.14009800849664844
DENISON,m,0.1400406429895484
ADEL,l,0.14001328202465846
OKOBOJI,m,0.13899780205510837
NORTHWOOD,l,0.13895761176107543
GLENWOOD,l,0.1386107458335018
SWISHER,s,0.13849706865394945
GARWIN,m,0.1384371474092349
INDEPENDENCE,m,0.13826681877061428
CEDAR RAPIDS,s,0.13826283195424152
CRESCO,l,0.13792476601128076
WAUKEE,m,0.1372266155387359
WEST LIBERTY,m,0.13715763304115186
DELHI,m,0.1370513972200281
CLARINDA,m,0.13705072084072312
CLARION,s,0.13694179806950438
FAIRBANK,m,0.13670604420110302
ELKADER,s,0.13584533709118715
ALBIA,m,0.1357874093755453
SHELLSBURG,m,0.13571742580631826
HUXLEY,l,0.13492909405145204
LAKE PARK,m,0.1348928457635898
CRESCENT,l,0.1347980659411461
CORYDON,m,0.13479271530701784
AVOCA,l,0.13448027298525192
GARWIN,s,0.13427510688440905
SUTHERLAND,l,0.1342309749779782
IDA GROVE,m,0.13413516790854385
MASON CITY,m,0.1337258969979931
INWOOD,m,0.13339557458670645
ELDRIDGE,l,0.13331918726546998
SPENCER,m,0.13327230134973136
APLINGTON,m,0.13312406838243904
ANAMOSA,m,0.13298163625579104
FORT MADISON,m,0.1329563470903589
CASCADE,m,0.13292724078527207
FAIRFIELD,m,0.13213658295444736
TREYNOR,m,0.13141985102553755
DELAWARE,s,0.13105773013553368
DAVENPORT,s,0.13099080753157075
WEST DES MOINES,l,0.13058818204176503
ALTOONA,m,0.13036644012007684
CHARLES CITY,m,0.13019174033733127
EAGLE GROVE,m,0.12925538884822502
ROCKWELL CITY,m,0.12850748047391308
LAKE MILLS,m,0.12827781760075688
FAYETTE,s,0.12799174350721915
CHARITON,l,0.1279756133439208
SHUEYVILLE,l,0.12789725201630217
STORM LAKE,m,0.12771705740303238
WELLSBURG,m,0.1274417771442555
LAMONI,l,0.12731150771035263
FOREST CITY,s,0.12718301051907444
IOWA FALLS,m,0.12698900203376792
SPRINGVILLE,l,0.1266060260682391
CEDAR RAPIDS,m,0.12611632704458056
SAINT ANSGAR,m,0.125202282701155
CLEARLAKE,s,0.12464076520477242
GREENFIELD,m,0.12453425717028159
CHEROKEE,s,0.12421423635735702
WINTERSET,m,0.12414812274906517
PANORA,m,0.12394659017927227
HARLAN,s,0.12379536305500065
BETTENDORF,s,0.1237174612289545
CRESTON,m,0.12367045330225808
SIOUX CITY,m,0.12324297544725421
URBANDALE,m,0.12288895944900297
DECORAH,l,0.12273549911305688
PLEASANTVILLE,l,0.12239948741325968
DAVENPORT,m,0.12226148045829129
HIAWATHA,l,0.12163672451153112
SEYMOUR,m,0.12154112793824705
WATERLOO,m,0.12113479891807864
WHEATLAND,s,0.12098149843065475
TOLEDO,m,0.12090969511503889
MARSHALLTOWN,s,0.12078039265449121
BUFFALO CENTER,l,0.11936105571111527
WALNUT,s,0.11914858980167563
JEFFERSON,s,0.11892784946039962
FORT DODGE,m,0.11878760714458259
COLO,s,0.11826174441580191
MADRID,m,0.11784616387416395
TEMPLETON,m,0.11781699143288071
SIOUX RAPIDS,m,0.1169080001170744
PALO,s,0.11612561340238207
MONTEZUMA,m,0.1161153090368001
WELLMAN,m,0.11512678415044264
REMSEN,l,0.11496982266247775
URBANDALE,l,0.11491167899838663
GRUNDY CENTER,m,0.11490032726101111
LARCHWOOD,l,0.11479934089829424
LENOX,l,0.11479010697831904
DUBUQUE,m,0.11458021318811461
WALKER,l,0.11446977834125244
PACIFIC JUNCTION,l,0.11441647291575856
CHARITON,m,0.1135671729007642
INDIANOLA,l,0.11302223894370729
MANCHESTER,m,0.11285390023717462
OELWEIN,l,0.11283729497745543
BURLINGTON,s,0.11257384957423462
SLOAN,l,0.1123454377319703
LAWLER,l,0.1117046794685793
MEDIAPOLIS,s,0.11167617967442678
BEDFORD,l,0.1115215516683417
LAMONT,m,0.1114047582897903
EARLHAM,l,0.11085755294316901
BURLINGTON,m,0.1106546248357254
ST ANSGAR,m,0.11035639700278492
SIGOURNEY,l,0.1103432825489679
DYERSVILLE,l,0.10958753675794834
PARKERSBURG,m,0.1094566864271919
CLERMONT,l,0.1091017556234567
HAZLETON,s,0.1085265633351266
TOLEDO,s,0.10831878369529901
CLEARLAKE,m,0.10796814331886569
DOON,l,0.10772100712978984
CORYDON,l,0.10764995307541826
WOODBINE,m,0.10754903477665678
WALL LAKE,m,0.10743471604585621
DUMONT,m,0.10719671788131518
EMMETSBURG,l,0.10688108101755871
CENTER POINT,l,0.10679893789886719
WINFIELD,l,0.10636689789424102
BUFFALO,m,0.10544318849388501
MOUNT PLEASANT,l,0.1048944323821096
HARLAN,m,0.10382251116015322
WALKER,m,0.1038204080460129
OTTUMWA,m,0.10381448809725392
URBANA,m,0.10220762619394147
GRAND JUNCTION,m,0.10220295499686789
DES MOINES,s,0.10156610026206765
NEW SHARON,l,0.10151097822332811
SWISHER,m,0.10146093501801921
CEDAR FALLS,l,0.10121404796318868
HAMBURG,m,0.1000781920827765
PELLA,l,0.09930965038226462
MIDDLETOWN,m,0.09885684021235377
INDEPENDENCE,l,0.09833390657280267
DELAWARE,m,0.0982195445918494
PERRY,l,0.0982009271176968
CUMMING,m,0.09772331028466874
KEOSAUQUA,m,0.0974596293631466
CORALVILLE,l,0.09739835147619992
TRAER,m,0.09728497580227628
SCRANTON,l,0.09717956007137396
WASHINGTON,m,0.09702002490296395
WILTON,m,0.09667493347704677
LOHRVILLE,m,0.09665499070624363
BELLE PLAINE,l,0.09620519595731679
MANNING,m,0.09616432875153737
ROLFE,m,0.09614384994116139
MONTICELLO,s,0.09573434414065767
ALLISON,m,0.09518886985789216
PANORA,s,0.09517525359593049
MAQUOKETA,s,0.09497750440382187
OSKALOOSA,l,0.09491388519308581
CLIVE,l,0.0946879184455709
MARION,m,0.09450632997982088
ARNOLDS PARK,l,0.09391925407603835
GLADBROOK,l,0.0927270766358092
LAMONT,s,0.09263203117628431
BELLEVUE,l,0.09256365437531137
FAIRBANK,l,0.09236661042374766
SHELLSBURG,l,0.09173415972557604
NEW VIRGINIA,s,0.09103937315583858
LANSING,m,0.09082364334422328
ELY,m,0.08963508564556595
DENVER,m,0.08929303049796088
WAVERLY,m,0.08920956602323936
CARLISLE,l,0.08897596525018953
CARTER LAKE,s,0.08855956863849886
KNOXVILLE,l,0.08849401107311587
ANKENY,l,0.08791114842285465
ATKINS,s,0.0877114143713434
LENOX,s,0.08768091753148556
ALBIA,l,0.08759704151042284
NEWTON,l,0.0873309826875961
STORY CITY,s,0.08725756248269949
OSAGE,s,0.08619038915670918
MASON CITY,l,0.08556568078907344
ANAMOSA,l,0.08537836450169584
BAXTER,l,0.08526556961491971
LAWLER,m,0.08488412569317076
KELLOGG,l,0.0842758904378409
MUSCATINE,m,0.08426809655343226
LOGAN,m,0.08392891419273496
CHEROKEE,m,0.08387581167654745
NORTH LIBERTY,s,0.08373916253170242
CENTERVILLE,l,0.08354733205839092
IOWA CITY,m,0.08302837288136967
WELLSBURG,l,0.08301837737240521
CLINTON,m,0.0830115626521535
GRAND JUNCTION,l,0.08242836996340851
NEW VIRGINIA,l,0.08096328844406206
ELDORA,m,0.08055918338828037
ELLSWORTH,l,0.08051563376811095
MELCHER-DALLAS,s,0.07997889089349167
FARLEY,l,0.07982177948246852
DENISON,l,0.07976547892861226
MT PLEASANT,l,0.0796055346380158
WEST POINT,s,0.07855414792861942
DAYTON,l,0.07780529772716414
WEST BRANCH,l,0.07761034909557961
FARLEY,m,0.07750882033173592
WEBSTER CITY,m,0.0771473715843216
GUTHRIE CENTER,l,0.07675155327445961
EARLY,m,0.07648518452770418
MANSON,s,0.07642375566092141
MILFORD,l,0.0762611729089914
CENTERVILLE,m,0.07621522332893121
MARION,l,0.07594116793012805
CARTER LAKE,l,0.07572652110668018
MOUNT PLEASANT,m,0.07564822293802556
SUTHERLAND,m,0.0750713430098857
ELLSWORTH,m,0.0749730772596746
PLEASANT HILL,l,0.07436594579169517
WEST LIBERTY,l,0.0743604034894009
NEW VIRGINIA,m,0.07396718219418667
EMMETSBURG,s,0.07388136394919298
DUNLAP,l,0.07359094445090684
ATLANTIC,m,0.07165993609482839
COLFAX,l,0.07161590504449043
BEVINGTON,m,0.07109507015399659
BETTENDORF,m,0.07054345337478592
MANSON,m,0.0702106430340156
LEON,m,0.06980178833757418
MARTENSDALE,m,0.06939660139353393
OTHO,l,0.06938788798886487
VICTOR,l,0.06911271822984788
GARNER,s,0.0681360027952495
NORTH LIBERTY,m,0.06809171474823683
KEOTA,s,0.06723364516567683
NORA SPRINGS,m,0.0669588081053283
MONTICELLO,m,0.06660086047881636
OSAGE,m,0.06613784022166881
BAXTER,m,0.06584971878843816
REINBECK,l,0.0657600995063803
AFTON,l,0.06530224484899393
WASHINGTON,l,0.06526650776053217
LATIMER,l,0.06431161243150783
RIVERSIDE,m,0.0642801060503504
INWOOD,l,0.06406537696395842
LIVERMORE,s,0.06401946355746527
ATKINS,l,0.06388898543229286
SIOUX CENTER,m,0.0637918799277624
JEFFERSON,l,0.06376355433986748
ORANGE CITY,m,0.06353428609699548
WINTERSET,l,0.06348566263041816
EXIRA,s,0.06295935323122018
PRINCETON,l,0.06276782588166369
JEFFERSON,m,0.06276290587968458
JOHNSTON,m,0.06265008914645315
WAVERLY,l,0.06240808471938646
EAGLE GROVE,l,0.06205968758271247
MARENGO,l,0.06189993534869953
BEVINGTON,s,0.06173165783140907
CLARINDA,l,0.061454419007985546
WALFORD,m,0.06099159468455143
MORAVIA,l,0.06005324578428883
RUNNELLS,l,0.05996067404564805
PAULLINA,l,0.05929272152114016
SIBLEY,l,0.05892285336780351
STRATFORD,l,0.05889899140355709
OSAGE,l,0.05873843432830772
VAN METER,l,0.05835054538515371
WAUKEE,l,0.05795712379831817
ORANGE CITY,l,0.05794332671230932
KELLOGG,s,0.05780844170520136
BLOOMFIELD,m,0.05745710916843027
NEOLA,l,0.05729531312912315
GRINNELL,l,0.057094662490489646
AMES,l,0.05704008435402036
WEST POINT,l,0.055929357973660186
LANSING,l,0.05592154724717722
SOLON,l,0.05566147122032388
BOONE,l,0.05546688308839256
IOWA FALLS,l,0.055366010331078096
WHEATLAND,m,0.05457170539536812
ROCK RAPIDS,l,0.054420972508544684
DUNLAP,s,0.054370250670982584
MOUNT VERNON,l,0.05410130875519797
WEST BURLINGTON,l,0.05405644339649346
WATERLOO,l,0.05384357423714398
BLOOMFIELD,l,0.05330939877035038
SHELBY,s,0.05308759468133343
SPENCER,l,0.05275354093056942
SUMNER,s,0.05185832937395499
LE MARS,l,0.05168512143097057
MAPLETON,l,0.051375129969476414
WEST BURLINGTON,m,0.0510685666668954
WEST UNION,m,0.05091340785673546
SIOUX CITY,l,0.050907629360163166
SHELDON,l,0.0503503393629983
ELDORA,l,0.05022101305279927
COLUMBUS JUNCTION,s,0.04986765164591306
CLEAR LAKE,l,0.049410727359479524
TOLEDO,l,0.049099733644250985
LIVERMORE,m,0.04849048684415173
HUMBOLDT,m,0.04796936566869881
BELMOND,m,0.04795609024958436
CLARKSVILLE,l,0.04746612949012735
WHITTEMORE,l,0.04717371443579458
ANITA,m,0.0467654258991648
CRESTON,l,0.046693766512687584
LAKE CITY,m,0.046447016269467456
MANCHESTER,l,0.04592280609039606
SPIRIT LAKE,l,0.045619924086939496
MUSCATINE,l,0.04554041045051693
BEVINGTON,l,0.04540639083093303
SERGEANT BLUFF,l,0.045378524820699394
ALDEN,l,0.04532649579754497
BRITT,l,0.04488978915531683
LOST NATION,s,0.044171304529910714
DANVILLE,s,0.043963234926300776
CHEROKEE,l,0.04387064808076718
FARMINGTON,m,0.043642617306187716
BANCROFT,l,0.0425757492147229
WALL LAKE,l,0.041993463937667265
SCHLESWIG,l,0.04175920398694664
ALBURNETT,m,0.041232979995390655
GRAETTINGER,l,0.041133690463389196
ALGONA,l,0.04112161563630626
MISSOURI VALLEY,l,0.04106911251949009
DAVENPORT,l,0.04055182051199919
BUFFALO,l,0.040198613879095825
HUBBARD,l,0.03961420735606744
FOREST CITY,l,0.03899561406816352
CEDAR RAPIDS,l,0.03843562643300777
NORA SPRINGS,l,0.03823467142161963
BURLINGTON,l,0.03747600978360496
WAUKON,l,0.03744921963676614
DUBUQUE,l,0.037162899732910634
MINDEN,l,0.0362693124574861
LAURENS,m,0.03603432574157934
COLUMBUS JUNCTION,l,0.03556796100847944
BETTENDORF,l,0.035298675654227014
KEOSAUQUA,l,0.03496143977774986
DURANT,l,0.03421621045852239
GUTTENBERG,l,0.03365998251201841
WILTON,l,0.03354976699509121
FORT MADISON,l,0.033295552683012965
FAYETTE,m,0.031978215872160806
STORM LAKE,l,0.031927437767779995
CARROLL,l,0.031763044745816704
CLINTON,l,0.031672015849033404
DE SOTO,l,0.031023821728073036
BEDFORD,m,0.030986015239792806
CARROLL,m,0.03055872204447226
FORT ATKINSON,l,0.02948353085313075
WINDSOR HEIGHTS,l,0.02924181664034552
COON RAPIDS,l,0.02913229691510287
RAYMOND,l,0.02905465938286021
STUART,l,0.02793023455557922
TRAER,s,0.027903367636688308
EDGEWOOD,l,0.027775285942435137
FONDA,l,0.027561238057422704
MT PLEASANT,m,0.02723914761997624
SLATER,m,0.026998353329314217
MANNING,l,0.02699826134497151
ROCKFORD,l,0.026713255890121728
PANORA,l,0.026188013802866755
WESLEY,s,0.02609418076947667
FAYETTE,l,0.025447839036517744
ATLANTIC,l,0.025328497572866652
ALTOONA,l,0.024821857704369926
SIOUX CENTER,l,0.024576247748889567
WEST POINT,m,0.02453224125712816
OTTUMWA,l,0.024374982462776362
DAKOTA CITY,m,0.024180280546530517
SHENANDOAH,m,0.023124991858920484
SAC CITY,l,0.022146258866055323
WELLMAN,l,0.02147576409313262
TRAER,l,0.021348106944202295
CHARLES CITY,l,0.020958373807616237
OAKLAND,l,0.02087945666849214
KEOTA,m,0.02045363943727296
MARSHALLTOWN,l,0.019474551582086747
MONONA,l,0.018145865885385498
DYSART,l,0.01809621951602795
STORY CITY,m,0.017205783776781777
PARKERSBURG,l,0.01699012027816331
KEOKUK,l,0.01627246454104535
ELMA,l,0.016190543967626942
OSCEOLA,l,0.015829347895918625
IDA GROVE,l,0.014807368595169727
OSSIAN,m,0.014781099887147368
KINGSLEY,l,0.014556404875255127
NORTH LIBERTY,l,0.014071217167690784
URBANA,l,0.013238090809018555
WEST UNION,l,0.012731532008937535
LOGAN,l,0.012721289817954957
CAMANCHE,l,0.011911510688710622
COUNCIL BLUFFS,l,0.011795450124378624
WYOMING,m,0.01174309229864802
DES MOINES,l,0.011375446469666622
FORT DODGE,l,0.0111011503612008
SHEFFIELD,l,0.01085626266493119
BLAIRSTOWN,l,0.010346088256895591
HAWARDEN,l,0.010198808176181164
AURELIA,m,0.009576968752331263
ELLSWORTH,s,0.00953378668905643
HAMPTON,l,0.00935766839783688
MONTEZUMA,l,0.009218207676829153
KANAWHA,m,0.008980822846488323
FORT ATKINSON,m,0.007952643929746261
ONAWA,l,0.007539540046927394
MARTELLE,m,0.00719631106832981
GREENFIELD,l,0.006601339425762458
LOST NATION,l,0.0054442809368892425
HOLY CROSS,l,0.005325770625866384
GRUNDY CENTER,l,0.005230442996890814
CLARION,l,0.004984388247354722
IOWA CITY,l,0.004791768943371753
SANBORN,l,0.0045779426424258085
JOHNSTON,l,0.0033883993870026017
DEXTER,l,0.002491770436334514
WALFORD,l,0.0021883577311428612
ESTHERVILLE,m,0.0019584689699385254
HUMBOLDT,l,4.3211596361123855E-4
SEYMOUR,s,-3.928951890585138E-4
WEBSTER CITY,l,-4.415227859575997E-4
WALNUT,m,-7.792917690786402E-4
LISBON,m,-0.0010715025687124957
ELY,l,-0.0032659662955345967
JEWELL,l,-0.003527243299638031
WASHBURN,s,-0.003759788920533682
GILMORE CITY,l,-0.004236595265039343
MEDIAPOLIS,l,-0.005141577681825296
ALLISON,l,-0.005303004942864518
HARLAN,l,-0.005595805147758384
ARMSTRONG,l,-0.005625029241831947
SCRANTON,m,-0.008641200411419213
CLEARLAKE,l,-0.009211945944025515
WOODWARD,m,-0.009536126758357735
POCAHONTAS,l,-0.012064997660939825
GILBERTVILLE,l,-0.013379398679152582
BELMOND,l,-0.013521984812191912
PRINCETON,m,-0.013723345883265287
MAQUOKETA,l,-0.015000516244796628
CLARION,m,-0.015221577157899395
ST ANSGAR,l,-0.015455889915147375
WESLEY,l,-0.015539099617288407
SHENANDOAH,l,-0.01660399400366074
ROCK VALLEY,l,-0.016637056538339287
SUMNER,l,-0.022578860872288983
ANITA,l,-0.02459050623936941
ROCKWELL,l,-0.024860010428892725
LAKE MILLS,l,-0.026947932846278246
WINTHROP,l,-0.029717923318949225
SLATER,l,-0.031833175063826324
ESTHERVILLE,l,-0.03360524344468967
STORY CITY,l,-0.035206390494922454
LOGAN,s,-0.03602604435497242
RIVERSIDE,l,-0.03715612861256797
ACKLEY,l,-0.03762975975132066
STATE CENTER,l,-0.037704084433106154
OSSIAN,s,-0.03957617819811189
LAURENS,l,-0.04116727329594102
GREENE,l,-0.04182136283122073
LAKE CITY,l,-0.041843245306511845
MONTICELLO,l,-0.04469887132365726
PARKERSBURG,s,-0.045417986117916954
CORNING,l,-0.04747829511008673
MELCHER-DALLAS,l,-0.047966787958092776
CALMAR,m,-0.04914134954501742
STRAWBERRY POINT,l,-0.05146084958632857
CASCADE,l,-0.05202449098277608
HARTLEY,l,-0.05214443529664256
LA PORTE CITY,m,-0.05405963629173743
KANAWHA,l,-0.05678787909907287
HARTLEY,m,-0.05953187841093751
HOLSTEIN,l,-0.06020041088962774
HAZLETON,m,-0.06176756551601884
COLO,l,-0.063226068686716
ANTHON,l,-0.06449429091112115
DUMONT,l,-0.06613051346043107
SEYMOUR,l,-0.0681298118326175
WALNUT,l,-0.06849536574874049
ROCKWELL CITY,l,-0.07328653192502708
TABOR,l,-0.07414797118897587
GARWIN,l,-0.07477647767186534
ROCKWELL,m,-0.07734656745594984
ARLINGTON,l,-0.07859255373206758
ALBION,l,-0.08056166903557144
AURELIA,l,-0.08061778414754177
PRAIRIE CITY,l,-0.08311654742059889
ARLINGTON,s,-0.0863819903590995
AMANA,l,-0.08963663519433246
MALVERN,l,-0.09005513313555363
LISBON,l,-0.09294581006723412
LIME SPRINGS,s,-0.09707904696724202
GRANGER,l,-0.09751381735376925
TEMPLETON,l,-0.10126850720872864
LOHRVILLE,l,-0.10193952116214759
ODEBOLT,s,-0.1028236893610424
TREYNOR,l,-0.10636811893128101
MANSON,l,-0.11142019681309918
CONRAD,l,-0.11764561025166496
MALVERN,m,-0.11854178127191022
DENVER,l,-0.12215805819698378
LA PORTE CITY,l,-0.13064892171783163
ST LUCAS,s,-0.13312491397976609
DANVILLE,m,-0.13573045785396365
ST CHARLES,l,-0.14209706334873232
MAXWELL,l,-0.14461646721765375
DOWS,l,-0.15351148639184184
TEMPLETON,s,-0.16172339090568308
RUTHVEN,m,-0.1707469790003849
PRIMGHAR,m,-0.1742876712082739
FREDERICKSBURG,l,-0.17815950113092627
LIME SPRINGS,m,-0.18165570385049276
CUMMING,l,-0.18490507314036717
EARLING,m,-0.18563351142697856
CALMAR,s,-0.22309203708447106
TRIPOLI,l,-0.2308650765736534
STANTON,l,-0.23293767311533942
SWEA CITY,l,-0.24030118618588645
SAINT ANSGAR,s,-0.25909874977176667
WHITTEMORE,m,-0.28353213463310256
ODEBOLT,m,-0.2857593231124095
PRIMGHAR,s,-0.30319995444992015
CALMAR,l,-0.3081968907489732
LECLAIRE,l,-0.3963282831066768
ARNOLD'S PARK,s,-0.3999338371098109
ARNOLD'S PARK,l,-0.43270774657192934
ARNOLD'S PARK,m,-0.4373095221278412
ROLFE,l,-0.43781566451509835
ROLFE,s,-0.5469323750664826
HOLY CROSS,s,-0.568640700191195
PRIMGHAR,l,-0.5832486477912369
HAMBURG,l,-0.683026223896977
ALLERTON,s,-0.7913700107874866
