City,Grade,Avg Growth Rate
LAKE PARK,high,38.29633333333334
LE CLAIRE,mid,25.023476526985476
LISBON,mid,19.236363636363635
VAN HORNE,high,16.735117023826252
ATKINS,mid,16.243360176247286
MANSON,mid,16.080808080808083
COLFAX,mid,15.030808080808082
INWOOD,mid,12.871381545155716
MEDIAPOLIS,mid,12.40796724470135
AKRON,high,11.198565026546717
LIVERMORE,high,9.135005442401313
BALDWIN,mid,8.683465194775314
RAYMOND,mid,8.017940690759648
HUDSON,mid,7.501089775989112
TRAER,mid,7.478519702366652
WILLIAMSBURG,mid,6.868116378757232
VINTON,mid,6.573038053454051
GLADBROOK,high,6.440158825763397
MELBOURNE,high,6.305243341467712
GUTTENBERG,mid,6.040190396069117
BUFFALO CENTER,mid,5.969197857722107
DOON,high,5.859928471353806
DUNLAP,mid,5.7454239709095845
CASCADE,mid,5.6291960629887905
COON RAPIDS,mid,5.567464520228765
BALDWIN,high,5.192961505411024
WALNUT,mid,5.190378576491294
AVOCA,mid,5.075537289151468
SAINT ANSGAR,mid,5.04146447966979
PARKERSBURG,high,4.941658286529144
MAXWELL,high,4.7890881038360105
STRAWBERRY POINT,high,4.782854375017419
CARTER LAKE,mid,4.724537583964444
GLENWOOD,mid,4.666012412020355
WESLEY,mid,4.461912285009436
WHITTEMORE,high,4.398750719886589
NEW HARTFORD,high,4.384333281272302
BELLE PLAINE,mid,4.107477121593669
ADEL,mid,4.105635274388635
NORWALK,mid,4.019805090525539
MT PLEASANT,mid,3.999455128205128
ROCK RAPIDS,mid,3.8738336265426576
ST ANSGAR,high,3.596747650711496
INDEPENDENCE,mid,3.5029327330017193
OELWEIN,mid,3.491962758311249
REINBECK,high,3.420376610377639
LENOX,mid,3.365464943980585
JEFFERSON,mid,3.3089476245570935
SIOUX CENTER,high,3.295591745345734
SERGEANT BLUFF,mid,3.200774624665694
ROLAND,mid,3.1707188160676534
HULL,low,3.1115993125923462
BEDFORD,high,3.0185010817560016
CRESTON,mid,3.013497182229307
HAMBURG,high,3.0026119560180304
NEW VIRGINIA,mid,3.0
HARTLEY,mid,2.9548275837007965
POCAHONTAS,mid,2.9176305264115356
EDDYVILLE,high,2.8949834034849684
POLK CITY,mid,2.8776508709135293
MAPLETON,mid,2.8705341077107858
RICEVILLE,high,2.803125493885698
SPRINGVILLE,high,2.758819763953966
EVANSDALE,mid,2.682361500961034
HUXLEY,mid,2.580851557974562
COLESBURG,low,2.5633435836527783
GARNER,mid,2.55347774334996
SAINT ANSGAR,high,2.5037130866481268
DAYTON,high,2.4773344847274164
HUBBARD,high,2.4455467138393523
ALBERT CITY,low,2.431399863709482
BONDURANT,mid,2.3759157396594603
SIGOURNEY,mid,2.3160617415820797
STANWOOD,high,2.2835273543140318
MARENGO,mid,2.2741921496760082
HAMPTON,mid,2.2531189517117127
LAURENS,mid,2.2171764705882353
MONONA,mid,2.2154732510288064
SOLON,mid,2.2033111642951835
BRITT,mid,2.1886451612903226
ELK RUN HEIGHTS,high,2.1395108124331723
MURRAY,low,2.118567014010046
ALLERTON,low,2.1017374545454546
WEST BEND,high,2.0807422240718583
DELMAR,high,2.0761133603369335
NORWAY,mid,2.0417768708569604
LE GRAND,mid,2.0323232323232325
ALBERT CITY,high,2.0308093163872143
DEWITT,mid,1.9647185298578693
TRIPOLI,high,1.9465238168131898
SAC CITY,mid,1.940185505420028
LOVILIA,high,1.9190911561590938
CAMANCHE,mid,1.9131996119928412
BAXTER,high,1.9083544765486558
AUDUBON,mid,1.9034147233427745
AUDUBON,high,1.9033924217934042
KALONA,high,1.8916741567539532
OTHO,high,1.8713333333333335
GLIDDEN,mid,1.8661246612466125
ORANGE CITY,mid,1.8559449348744599
MORNING SUN,low,1.8041603461843883
WEST BURLINGTON,mid,1.7876065452874847
NEVADA,mid,1.768539278676722
AURELIA,high,1.750787575938089
PACIFIC JUNCTION,mid,1.7486854929913112
CAMANCHE,high,1.7301587378915542
MARQUETTE,high,1.7198318297047692
ALDEN,high,1.690069624617692
CLARINDA,mid,1.6762776893978746
STANWOOD,low,1.6740962249837132
ALTON,high,1.6732540169111385
SIGOURNEY,high,1.6557962517328841
BUFFALO CENTER,high,1.6157927276197677
CORWITH,high,1.612951578449709
WELLMAN,mid,1.6066018341966242
FAIRBANK,high,1.6041557110755866
HIAWATHA,mid,1.5848459779126391
NEW SHARON,high,1.5835379117057078
GREENE,high,1.5498641364323378
WAPELLO,high,1.5459886973623354
VAN HORNE,mid,1.5348408208233024
FONTANELLE,low,1.5312640843307126
JEWELL,high,1.5240859839205878
ALBIA,high,1.5102223874165792
ROLAND,high,1.4967584494502117
WEST BEND,mid,1.4961703913545275
ROCK VALLEY,mid,1.4854982512614894
EARLY,high,1.462659813670329
ELKADER,mid,1.4616161616161616
CORYDON,mid,1.460839459186033
VILLISCA,low,1.4569986655746103
CONRAD,mid,1.4442105263157894
LAKE VIEW,mid,1.4435055792933698
FOREST CITY,mid,1.4374617230391535
NEW LONDON,high,1.4345634310685018
BROOKLYN,low,1.422107905569104
MALVERN,high,1.4194503544843189
BROOKLYN,high,1.4118181851165976
LAURENS,high,1.409337322119382
KINGSLEY,high,1.4063
HOLY CROSS,high,1.4055567682534353
MANLY,high,1.3798522713819403
VAN METER,high,1.3683535658646104
COLUMBUS JUNCTION,mid,1.3639415781757451
DAKOTA CITY,high,1.3624890182010674
MITCHELLVILLE,high,1.3470876830348566
BANCROFT,mid,1.3457436724612697
NORTH ENGLISH,mid,1.3373145107486455
EDDYVILLE,low,1.3316614855223687
MARENGO,high,1.3182919936912754
ELDRIDGE,mid,1.3132260696702356
HINTON,high,1.3046722941971363
SAGEVILLE,low,1.297415166364325
WINFIELD,high,1.2812025064477908
WINTERSET,mid,1.2758903708749227
PEOSTA,mid,1.2743192828618661
SEYMOUR,high,1.2699489331279723
LARCHWOOD,mid,1.2533696450096559
GRUNDY CENTER,mid,1.2493412977336844
CLERMONT,high,1.2482176543190533
DELHI,high,1.2481088355314225
DECORAH,high,1.2457729866760103
LAMONI,mid,1.2437863736704795
GRAND MOUNDS,mid,1.2433604536126852
ANITA,high,1.2423608446819974
BRITT,high,1.2364319973387794
GRIMES,mid,1.231782949866571
DYERSVILLE,mid,1.2258542466763391
MARTELLE,mid,1.2056714647689901
NASHUA,high,1.180814137386773
WEST UNION,mid,1.1740559899117275
GOWRIE,high,1.172814890396775
MANNING,mid,1.1675692359493814
KALONA,mid,1.1569043772240206
DALLAS CENTER,high,1.156671111564399
MOUNT AYR,high,1.1499795852067192
ARNOLDS PARK,mid,1.1499570915131703
MONONA,high,1.1382282291357564
AMANA,high,1.1309615565195292
DECORAH,mid,1.1255178782314332
LAKE MILLS,mid,1.1075779602031603
COGGON,high,1.104450224960162
STUART,mid,1.102340996019086
SULLY,high,1.100744978806
ROCKWELL CITY,high,1.1005474320748703
WEST BEND,low,1.0992051417884554
GRAND MOUNDS,high,1.089238641070471
PERRY,mid,1.0876104715018349
LAKE CITY,high,1.0767124804469295
BUFFALO,high,1.0746178660917713
BALDWIN,low,1.0742785496401204
CORRECTIONVILLE,high,1.0738982704003581
LA PORTE CITY,high,1.0653341435445194
ESSEX,low,1.0606273753479873
ELDORA,high,1.0566615564099588
DENISON,mid,1.0502193419765344
CONRAD,high,1.0447568313573057
CLARKSVILLE,high,1.0443565119687535
SWEA CITY,high,1.0442019996711425
BEVINGTON,mid,1.0378787878787883
LE CLAIRE,low,1.0326254576418499
HINTON,low,1.029241865304662
ACKLEY,high,1.022587286740974
SHUEYVILLE,mid,1.0225171686306116
MERRILL,high,1.0146457983876023
ALBION,high,1.01359238644
LOHRVILLE,high,1.013414754828869
ARMSTRONG,high,1.0085163952183445
CARLISLE,mid,1.0082632361377717
COLUMBUS JUNCTION,high,1.007641406737561
GRISWOLD,high,1.0055301565864005
EDDYVILLE,mid,1.0
DE SOTO,mid,0.998789846517119
RIVERSIDE,mid,0.9920788073692917
COON RAPIDS,high,0.9909727764421433
GUTTENBERG,high,0.98877292927024
WOODWARD,high,0.9824272581173954
WOODBINE,mid,0.9809205356067302
MAQUOKETA,mid,0.9688658048834083
ALTA,high,0.9676079789900135
EAGLE GROVE,mid,0.9628793965930799
BLOOMFIELD,high,0.9525031724006223
WALKER,high,0.9513790260932268
DENISON,high,0.9490443233076805
MADRID,high,0.93017607606339
DEWITT,high,0.9277089254685641
HARLAN,mid,0.9275819446660806
MONROE,high,0.9230063770690397
LAKE VIEW,high,0.9217699774706344
LAKE MILLS,high,0.9188444405747483
VICTOR,high,0.9186140913331619
WHITTEMORE,mid,0.9183262209577997
LE CLAIRE,high,0.9153546233474499
GILMORE CITY,high,0.9140883916197972
MANCHESTER,mid,0.909676682057381
FORT MADISON,mid,0.9009217217660486
NEW HAMPTON,mid,0.8932080924855491
OSKALOOSA,mid,0.8926581309418666
BLUE GRASS,mid,0.888888888888889
DENVER,high,0.8884563852740349
PARKERSBURG,mid,0.8845574387947268
TABOR,high,0.880693142356435
HOLSTEIN,mid,0.8790053871976039
HUDSON,high,0.8770888481529208
GOLDFIELD,high,0.8755350668589474
EVANSDALE,high,0.8698916932796424
CRESCO,mid,0.8643715104364326
ALTON,low,0.8630308354538729
HAWARDEN,high,0.8607275447024664
MELCHER-DALLAS,mid,0.8585043859649123
MADRID,mid,0.8562823771379374
POMEROY,low,0.851189855867041
TAMA,high,0.8508746224081914
DEWITT,low,0.8487116571915433
HILLS,high,0.8418731351930275
PRAIRIE CITY,high,0.8364228563665487
WILTON,mid,0.8346874953783624
MONTICELLO,mid,0.8277447799792018
RED OAK,high,0.8205121212658569
LAKE VIEW,low,0.8193314195639246
CHARLES CITY,mid,0.8144910959726565
NICHOLS,high,0.814416176838342
HUMESTON,high,0.8102892410572698
WEST BRANCH,mid,0.8084693084693084
CHEROKEE,mid,0.8047247868324336
RED OAK,mid,0.7998342101662318
OSAGE,mid,0.7998336663363076
SAGEVILLE,high,0.7976847094328393
MONROE,mid,0.7944358578052549
WEST UNION,high,0.7914298898896703
REDFIELD,high,0.7856047248444061
JESUP,high,0.7845834891201678
MANNING,high,0.7830442205631121
ALGONA,mid,0.7826475846581574
NORTHWOOD,mid,0.7790554497951416
BLAIRSTOWN,high,0.7724419221301271
ALTOONA,mid,0.771647763785686
LISBON,high,0.7680751488609582
MANCHESTER,high,0.7671381320824322
GRAND JUNCTION,high,0.7659338367016861
REMSEN,high,0.7624111635175638
OXFORD,mid,0.7619979961043489
SIOUX CENTER,mid,0.7604438266407757
HOLSTEIN,high,0.7602425909039975
KNOXVILLE,mid,0.7594201836915456
LANSING,high,0.7586595479296312
SWEA CITY,mid,0.7572898799313894
WAUKON,mid,0.751035524251425
PLEASANT VALLEY,low,0.746689753770043
WELLSBURG,high,0.7447953049425128
VILLISCA,high,0.744112563213162
MOUNT VERNON,mid,0.7430423385655075
WOODBINE,high,0.7394689577173104
LE GRAND,low,0.7372818377997595
NEWTON,mid,0.7367341955045427
EXIRA,high,0.7347653402672062
MECHANICSVILLE,high,0.7338377590606026
MAYNARD,low,0.7318358874223273
CORNING,high,0.7300922564722226
WYOMING,high,0.7271319357427458
GUTHRIE CENTER,high,0.7262917578328452
NEW HARTFORD,low,0.7245830573205411
WEST BRANCH,high,0.720723581721325
KANAWHA,high,0.7102494606711995
WILLIAMSBURG,low,0.7096862017503117
LONE TREE,low,0.6977709174204482
PAULLINA,high,0.6950415274042236
GARNER,high,0.6947937688123286
NEOLA,mid,0.6944444444444443
CLARENCE,high,0.6897312531588492
HAWARDEN,mid,0.6858112596397774
ESSEX,high,0.6844181210229208
WAVERLY,mid,0.6801302107874246
BOONE,mid,0.6772651388436634
POLK CITY,high,0.6763963744559032
NORTH ENGLISH,high,0.676038459988965
TOLEDO,mid,0.6757258312161284
ONAWA,mid,0.670273091304895
MORNING SUN,high,0.670242729876526
KALONA,low,0.6700711040402645
DEXTER,high,0.6689499428323692
TIFFIN,mid,0.665291768654772
PRINCETON,high,0.6652298327677783
MASON CITY,mid,0.6639402955913813
LE GRAND,high,0.6636592603462138
ELDORA,mid,0.6607711029967525
STATE CENTER,high,0.659164368362792
POCAHONTAS,high,0.657391167067079
WAPELLO,low,0.6534680687610598
CARLISLE,high,0.6524316567527083
IDA GROVE,mid,0.6474883641621119
SPENCER,mid,0.6467161784125782
URBANDALE,mid,0.6462551950287726
CEDAR FALLS,mid,0.646138163586525
OGDEN,low,0.6384028671220131
DONNELLSON,high,0.6383155460728863
BELLE PLAINE,high,0.635402567966344
CASCADE,high,0.6352604458340672
MORAVIA,high,0.6351608936945798
URBANA,high,0.634992655731836
STUART,high,0.6342064767008456
COGGON,low,0.6332197891224447
PLEASANT HILL,mid,0.6327613593365183
GRINNELL,high,0.6317274737661147
PERRY,high,0.6305990807975256
INDIANOLA,mid,0.6274311890490202
ELK RUN HEIGHTS,mid,0.6272727272727272
FREDERICKSBURG,high,0.6265855388233227
AVOCA,high,0.6261975911107669
STORY CITY,mid,0.6240146563675975
ROBINS,high,0.6229982707529338
LAWLER,high,0.6200300683451231
HARPERS FERRY,high,0.6197858801196208
FAYETTE,high,0.6192829548343378
VINTON,high,0.616834007884234
CORWITH,low,0.6158791636661177
CORNING,mid,0.6135239140711021
ELDON,high,0.6122398673912279
OAKLAND,high,0.6100356829837081
GRINNELL,mid,0.6096348364885881
ANTHON,high,0.6065513322471839
MOUNT VERNON,high,0.6059121841834584
TIPTON,mid,0.6043453438111006
DANVILLE,high,0.6041357445218041
ADEL,high,0.6024186781895654
WALL LAKE,high,0.5939641184574217
ST CHARLES,high,0.5903398805527948
COLO,high,0.5901245597333419
SHENANDOAH,high,0.5881961006983881
GLIDDEN,high,0.587728268181202
HAMPTON,high,0.5767002279334502
WYOMING,low,0.576231675635554
IDA GROVE,high,0.5734391634090845
LONE TREE,high,0.5715817957163464
ZWINGLE,high,0.5668135599952202
MARION,mid,0.5653263021980549
COLFAX,high,0.5642645019605712
CLARINDA,high,0.5632553865446458
EMMETSBURG,mid,0.5610015853545698
JESUP,low,0.5609711060130603
CLINTON,mid,0.560332490108309
CLIVE,mid,0.5549853497086173
BONDURANT,high,0.551711094483958
NICHOLS,low,0.5488734402600226
NEW LONDON,low,0.5444607032624376
SIOUX RAPIDS,high,0.5442536559590997
MONTEZUMA,high,0.5441527708474233
GLENWOOD,high,0.5427577037327264
FREMONT,high,0.5423303599908598
BANCROFT,high,0.5421866094703857
WASHINGTON,mid,0.5421306120123041
RUDD,low,0.5401250540672602
MAQUOKETA,high,0.5400753316539222
LAMONI,high,0.5397479778431755
ELDRIDGE,high,0.5392286874840987
FARLEY,high,0.5381242838271497
WELLMAN,high,0.5377303364035836
MARTENSDALE,high,0.5353725290984078
CLARENCE,low,0.53354932389185
PELLA,mid,0.5329822401166545
HUXLEY,high,0.532745112871847
OSCEOLA,mid,0.5323313977852382
ROCKWELL,high,0.5310144998870194
ORANGE CITY,high,0.5292657687711824
TIFFIN,low,0.5235945168273369
GILBERTVILLE,high,0.5230572127715508
MISSOURI VALLEY,mid,0.5229452883677691
NORTH LIBERTY,mid,0.5226179945947621
BLAIRSTOWN,mid,0.5192
WHAT CHEER,low,0.5162924411530496
FAIRFIELD,mid,0.5147431068218448
WALFORD,mid,0.513626107419712
CENTERVILLE,mid,0.5121463744419349
ALGONA,high,0.510631616050486
LE MARS,mid,0.5091108032055931
HUMBOLDT,high,0.5085263004231209
MIDDLETOWN,high,0.5076232624747918
IOWA FALLS,mid,0.5052995210391736
OSCEOLA,high,0.5051280848335243
POSTVILLE,high,0.5049567849685782
RAYMOND,high,0.4999459443899921
MINDEN,mid,0.4983148376489929
ELK RUN HEIGHTS,low,0.4981750502702105
GEORGE,high,0.4965040393583058
LEON,high,0.4959270477876098
OTTUMWA,mid,0.4890918173336601
CRESCO,high,0.48813229552101484
FARMINGTON,high,0.4861911105436223
NEW HAMPTON,high,0.48546627332767983
OXFORD,high,0.4839806600453956
WEST LIBERTY,mid,0.4829706493347861
CORRECTIONVILLE,low,0.4822617183254591
ELDON,low,0.4813134026689997
FAIRFAX,high,0.480327681380974
NASHUA,low,0.4799986560236978
LARCHWOOD,high,0.4799296829789144
GRANGER,high,0.4798444185656578
CEDAR FALLS,high,0.47652887303731317
ANKENY,mid,0.4761042204334676
CRESCENT,high,0.4757481295999657
ROLAND,low,0.47524153800163244
GREENFIELD,mid,0.47242985011943195
MILFORD,mid,0.4673354167666803
RICEVILLE,low,0.4667679846199185
AFTON,high,0.46634106668610054
WEST DES MOINES,mid,0.4658379933011077
MANSON,high,0.46548074067472817
CRESTON,high,0.464491072598113
FORT MADISON,high,0.4587059444652657
PACIFIC JUNCTION,high,0.45653644264885385
INDEPENDENCE,high,0.45648526987685906
WHAT CHEER,high,0.4540230757381306
CUMMING,high,0.45393844999438615
MARCUS,high,0.45351053324549917
ALTOONA,high,0.45297251439399466
DALLAS CENTER,low,0.45256865125193896
MARTELLE,low,0.4511469671300868
NORTHWOOD,high,0.4425790844062973
PEOSTA,high,0.44190174759448003
WAUKEE,mid,0.44163136912569473
CORALVILLE,mid,0.44005742963977273
ONAWA,high,0.43402145619262705
WHEATLAND,high,0.4335354328532777
MUSCATINE,mid,0.43261912518776696
FORT DODGE,high,0.43223275555598234
VAN HORNE,low,0.43200843513389914
CEDAR RAPIDS,mid,0.4314627114920962
KEOKUK,mid,0.4305056185302596
HILLS,low,0.42859713349896217
WILLIAMSBURG,high,0.42696087447826075
GRIMES,high,0.4238403178763714
DYERSVILLE,high,0.4233652142983309
TRURO,low,0.4229074135320259
CENTER POINT,high,0.42244259191470324
HARPERS FERRY,low,0.4217030146546951
SPIRIT LAKE,high,0.4197517469028936
DE SOTO,high,0.41732171051092243
PELLA,high,0.4172551105212297
WINDSOR HEIGHTS,mid,0.41559233136207707
SPIRIT LAKE,mid,0.4154736517783464
NEWTON,high,0.4152348113418574
BOONE,high,0.408651062349961
PLEASANTVILLE,high,0.40861099822056457
PALO,low,0.4060118527386085
KNOXVILLE,high,0.4039972346131906
CORRECTIONVILLE,mid,0.40396008298869085
MONTEZUMA,mid,0.4025218783283857
FAIRFIELD,high,0.39945849002734213
WILTON,high,0.3960540164306936
OTTUMWA,high,0.3949901760587164
HUMBOLDT,mid,0.39356926216746135
TRURO,mid,0.3930499039946584
MILFORD,high,0.3929310800780525
WATERLOO,mid,0.3928238183228654
WASHINGTON,high,0.3924394521133894
WEBSTER CITY,mid,0.39056363003187866
OSKALOOSA,high,0.38967702450551417
OGDEN,high,0.3891702062046893
MARION,high,0.3888256763691147
MARSHALLTOWN,mid,0.3887765409693617
CLINTON,high,0.3885809628336381
OELWEIN,high,0.38782103857038414
DUBUQUE,mid,0.3871519816440287
OKOBOJI,high,0.38618248739207445
LECLAIRE,high,0.38555145259107554
SIBLEY,high,0.38297010355818095
SHEFFIELD,high,0.38283866339006023
INDIANOLA,high,0.38186013110144645
CORALVILLE,high,0.38133490780434043
CORYDON,high,0.3766404879442067
ANITA,mid,0.3736955719547792
SUTHERLAND,high,0.37351911887501493
ATLANTIC,high,0.3732110633381533
TOLEDO,high,0.37086149135571306
HUDSON,low,0.36935791461135586
SOLON,high,0.36898882803549804
SAC CITY,high,0.36884985892659605
SLOAN,mid,0.36870818155984403
EMMETSBURG,high,0.368384195938739
DAVENPORT,mid,0.36764245144591684
URBANDALE,high,0.3668338170891534
DOWS,high,0.36563040708151084
ADAIR,mid,0.3655463889858896
SPENCER,high,0.3646359289534152
MARQUETTE,low,0.3633844309774565
HARTLEY,high,0.3628387610236528
KEOSAUQUA,mid,0.36257681496479316
ATLANTIC,mid,0.3617288245070651
GRAND MOUNDS,low,0.36145631483334134
SANBORN,high,0.3598173395130031
STANTON,high,0.359620172364479
TIPTON,high,0.35930127929342714
GRISWOLD,mid,0.3584931506849314
WALCOTT,low,0.35574098798507164
WEST LIBERTY,high,0.35438329519346884
CHARITON,mid,0.35403897040750804
MARTELLE,high,0.3537468887045158
ALLISON,high,0.3535637749997596
CARROLL,high,0.35267046185641826
LAMONT,high,0.3521261112370437
NEVADA,high,0.3518689504248617
AMES,high,0.3511512886435226
EAGLE GROVE,high,0.34914222076501905
GRUNDY CENTER,high,0.3465459244428661
EARLHAM,high,0.3465262984057069
SIOUX CITY,mid,0.3442071348043833
APLINGTON,high,0.34234242255668695
EVANSDALE,low,0.34232001320103533
LENOX,high,0.34143989263738295
TRURO,high,0.34085869208102054
PLEASANT HILL,high,0.3405365508887148
WATERLOO,high,0.33827412998021594
STORM LAKE,mid,0.3380741519746195
MEDIAPOLIS,high,0.33690948635827134
CLARION,high,0.3319892387194349
LE MARS,high,0.331105603111376
WAUKON,high,0.3288812991248737
SAINT ANSGAR,low,0.32728823003699264
CHARLES CITY,high,0.32613655376247286
DONNELLSON,low,0.32588012242866415
ANAMOSA,high,0.3242171511729444
AMES,mid,0.32324515829510353
WEST DES MOINES,high,0.32284761915131255
TIFFIN,high,0.32178419435198086
MARCUS,low,0.321743712959563
WAVERLY,high,0.32143209442667414
ALDEN,mid,0.3212686922564054
CENTERVILLE,high,0.31936024065217994
ANAMOSA,mid,0.31745767289472654
MERRILL,low,0.3168282783075275
MAPLETON,high,0.31649537099395886
WAUKEE,high,0.31617531743889227
DES MOINES,mid,0.3123949516606905
PLEASANT VALLEY,high,0.31154684095860546
SULLY,low,0.31071503814736756
BUFFALO CENTER,low,0.3101738868845844
MISSOURI VALLEY,high,0.3091632693488263
CARROLL,mid,0.3088957764911919
MONTROSE,high,0.30798509023105386
COUNCIL BLUFFS,mid,0.3074886729643158
MONROE,low,0.30653970298115385
CLIVE,high,0.3054841979560583
SHELBY,low,0.3054296936098814
ROCK RAPIDS,high,0.3037992152207083
DUNLAP,high,0.3032240425092615
CLERMONT,low,0.3023824110605985
ANKENY,high,0.3020689846702032
CLEAR LAKE,high,0.3003733519728788
LOVILIA,low,0.3000979686455035
SCRANTON,high,0.2998703727408847
BELMOND,high,0.2966118933179429
NEOLA,high,0.2951293466892077
SLOAN,high,0.2942921224545621
SHUEYVILLE,high,0.2940040390556872
FLOYD,low,0.2930763891690585
HARPERS FERRY,mid,0.289535231253673
ALTA,low,0.2880004192716626
INWOOD,high,0.28675808205956144
CHEROKEE,high,0.28652320630246314
DELMAR,low,0.28461885630302813
REDFIELD,low,0.284080802463992
MASON CITY,high,0.28132371853445143
ADAIR,high,0.28128393658789647
FONTANELLE,high,0.28100029889409184
SHELDON,high,0.2804885225359239
MINDEN,high,0.2787567160400923
ROLFE,high,0.27842500036270285
WALFORD,high,0.2758894222500438
POLK CITY,low,0.2758525464106322
HARLAN,high,0.27308341099834627
CENTRAL CITY,mid,0.2727958209338221
VINTON,low,0.2722474144280689
ROBINS,low,0.27027902666258125
IOWA FALLS,high,0.270260785153769
REMSEN,mid,0.26801120280070023
WINDSOR HEIGHTS,high,0.26640491008217376
ESTHERVILLE,high,0.2661869811123406
SHELDON,mid,0.2658464385262713
TRAER,high,0.2657545465631605
ST LUCAS,low,0.2656192758400904
ADAIR,low,0.2647364421363645
MONTROSE,low,0.2647292813216683
KEOKUK,high,0.26430950572729683
BURLINGTON,mid,0.2639619176206059
BONDURANT,low,0.2621784300751334
MUSCATINE,high,0.26170779803869293
NORA SPRINGS,high,0.2615207199623241
BLUE GRASS,low,0.2613881973578806
DELHI,low,0.2612848609076954
SLATER,high,0.2589415184195132
NORWAY,high,0.2583065429738522
TREYNOR,high,0.25695064280588614
GEORGE,low,0.2569352645630065
ROCK VALLEY,high,0.25660225330805414
IOWA CITY,mid,0.2559828430485093
NEW VIRGINIA,high,0.255612900772567
NORTH LIBERTY,high,0.254880932513633
CEDAR RAPIDS,high,0.2541822496662781
MOUNT AYR,low,0.25157234609814827
PANORA,high,0.25122573130805476
WINTERSET,high,0.2501843953837515
CRESCENT,low,0.2501706548607214
GRIMES,low,0.2491660756231111
GARNER,low,0.2484713036558447
MOUNT PLEASANT,mid,0.24811596671496072
DUBUQUE,high,0.24617955379407522
IOWA CITY,high,0.24558876834815227
EARLHAM,low,0.24494143769635635
FORT DODGE,mid,0.24371529593411523
GRISWOLD,low,0.24258024750972976
RAYMOND,low,0.2421646587223327
TAMA,low,0.24209483493753692
MURRAY,high,0.24184955639512667
APLINGTON,low,0.24114976514414282
ZWINGLE,low,0.2371775125718376
DEXTER,low,0.23546348621488744
STORY CITY,high,0.23480950410830959
OXFORD,low,0.23464067567621405
MAYNARD,high,0.2341611300259406
CENTRAL CITY,high,0.23285734938728994
MELBOURNE,low,0.23248391729167753
COUNCIL BLUFFS,high,0.23062588178893598
LIVERMORE,low,0.23007140585884212
ELDRIDGE,low,0.22916050514959038
AKRON,low,0.22893432086519694
WEST BRANCH,low,0.22842822063875087
LOST NATION,high,0.22715952866999914
AFTON,low,0.22561428075243928
GOLDFIELD,low,0.22535808906165
BURLINGTON,high,0.2246645721230359
NORWAY,low,0.22433388017932843
BELMOND,mid,0.22393540037385806
JOHNSTON,high,0.2233929650903843
RUTHVEN,high,0.22320495670866047
FREMONT,low,0.22251359080447797
KEOSAUQUA,high,0.22219841508844027
SHUEYVILLE,low,0.22187395936730026
RUNNELLS,high,0.22082367056442279
EDGEWOOD,high,0.22055583357030076
SPRINGVILLE,low,0.2170818516651267
WINFIELD,low,0.21560486638715928
HUXLEY,low,0.21466285502560264
GRANGER,low,0.21422457627084224
GLADBROOK,low,0.2135919999314521
MOUNT PLEASANT,high,0.21292068771853687
GLENWOOD,low,0.21265418604658318
HUMESTON,low,0.21115045294126292
ROCKFORD,low,0.21093034710733846
GLIDDEN,low,0.20960689496404164
PLEASANTVILLE,low,0.2095177314004325
DAVENPORT,high,0.20925874731249575
KELLOGG,high,0.20920609961705194
FAIRFAX,low,0.20917619992340972
MINDEN,low,0.2080598463454011
BETTENDORF,mid,0.20669066183094786
COLFAX,low,0.20601021077953174
LIME SPRINGS,high,0.2059016989951574
BLAIRSTOWN,low,0.20554187844989477
HAZLETON,high,0.20433709232505604
CENTER POINT,low,0.20174913651242768
GUTTENBERG,low,0.20168683595468298
OSAGE,high,0.2012619581852297
ARMSTRONG,low,0.20060611089949734
RUNNELLS,low,0.20005701743861234
FORT ATKINSON,high,0.19890500021386673
CLARKSVILLE,low,0.1988851046033666
DAKOTA CITY,low,0.1983458226132239
NORWALK,high,0.19774720371041007
SHEFFIELD,low,0.19679661324672668
HIAWATHA,high,0.19608022842334452
POSTVILLE,low,0.19577403995764198
JOHNSTON,mid,0.19474325632622724
SWISHER,mid,0.1945901845862084
NORTH ENGLISH,low,0.19454652907592554
AVOCA,low,0.19408576346529208
LAKE PARK,low,0.19402574889153912
NORWALK,low,0.19377822932082145
WEBSTER CITY,high,0.19373506015668218
WALCOTT,high,0.19335545068552307
HUBBARD,low,0.19222760088494506
DES MOINES,high,0.19180000006462308
STORM LAKE,high,0.1904016463500349
MECHANICSVILLE,low,0.18979748107179126
CLEARLAKE,high,0.18693441315734607
PRAIRIE CITY,low,0.18691047974770414
SIGOURNEY,low,0.18541712319370732
WEST BURLINGTON,high,0.1837576169551737
RED OAK,low,0.18356383161513268
ELKADER,low,0.18240894607057948
ADEL,low,0.18175113639588306
AUDUBON,low,0.18134698443449526
MELCHER-DALLAS,high,0.18065356149813475
ACKLEY,low,0.1801063089323847
EARLY,low,0.1799134770820936
WALKER,low,0.17947195310364253
MANLY,low,0.17878475236724137
MIDDLETOWN,low,0.1783016852794619
CLEAR LAKE,mid,0.177761293880098
RIVERSIDE,high,0.17747378634569955
ARNOLDS PARK,high,0.17656489782565046
MAXWELL,low,0.1758651362141814
REINBECK,low,0.17575916422950902
OELWEIN,low,0.1755350086588331
LATIMER,low,0.17528232727750806
HAMPTON,low,0.17485242935307752
DECORAH,low,0.17398804148048627
PACIFIC JUNCTION,low,0.17356706135831415
FLOYD,high,0.17200187820934287
CENTRAL CITY,low,0.1716267266754683
FARMINGTON,low,0.17051646236540977
VICTOR,low,0.16926965753745837
OKOBOJI,low,0.16796121397036193
MARSHALLTOWN,high,0.16755198191102885
PEOSTA,low,0.16697967376307546
PERRY,low,0.16596898100515448
SLOAN,low,0.16514862772962172
WOODBINE,low,0.1646114424988018
NEWTON,low,0.16433844767696745
NEVADA,low,0.16432027792408221
NORTHWOOD,low,0.16397163983967644
SIOUX CITY,high,0.163971135614106
GREENFIELD,high,0.16394540431820329
FOREST CITY,high,0.16191235430460751
CARLISLE,low,0.16183339053777168
MADRID,low,0.16114738789842906
ARNOLDS PARK,low,0.1609282613070732
WEST DES MOINES,low,0.160688600829431
MITCHELLVILLE,low,0.16029114096207578
LARCHWOOD,low,0.15759253664205955
DOON,low,0.15739226193924924
DELAWARE,low,0.15681587639128042
DURANT,low,0.15660891362529358
CRESCO,low,0.1565238953434172
VAN METER,low,0.15622496048612095
BETTENDORF,high,0.1558983430781331
NEW SHARON,low,0.15548454934294986
FONDA,low,0.15365088772668556
NEW HAMPTON,low,0.15211880052659887
LENOX,low,0.15126293468755175
BELLEVUE,high,0.1506959603216502
TIPTON,low,0.14990925394215673
INDIANOLA,low,0.14990062116257807
GARWIN,high,0.149810560740209
OTHO,low,0.14930011324856782
BROOKLYN,mid,0.14860418359363248
OSSIAN,low,0.14856123776931623
FOREST CITY,low,0.14834042773526002
OSCEOLA,low,0.14833039989217836
GUTHRIE CENTER,low,0.14751485698248365
DURANT,high,0.14598789897244285
AMANA,low,0.14488645537823266
ALBION,low,0.14469104351562076
NEOLA,low,0.1419069549038267
FAIRBANK,low,0.1412475911162851
CLIVE,low,0.14020206086716513
TABOR,low,0.14004077005950505
DYERSVILLE,low,0.13958747611511413
DAYTON,low,0.13947857142023423
OSKALOOSA,low,0.13797075491012706
URBANDALE,low,0.13719286255395838
WASHBURN,low,0.137041474530502
LAMONI,low,0.13608440087212337
CHARITON,high,0.1360241337890148
GILBERTVILLE,low,0.13550541490551443
PELLA,low,0.1353351286271084
BELLE PLAINE,low,0.13502816687446106
BANCROFT,low,0.13427670398805933
EMMETSBURG,low,0.13381668013719522
PAULLINA,low,0.13367461345563433
HIAWATHA,low,0.13346009876499107
SIOUX RAPIDS,low,0.13298454953698166
MILFORD,low,0.1316053278108797
JEFFERSON,high,0.13132619210501567
CHARITON,low,0.13100068636036066
FAIRFIELD,low,0.13033882427552737
CORALVILLE,low,0.12852024711249524
CEDAR FALLS,low,0.12836889804674326
WELLSBURG,low,0.12820365931577787
SERGEANT BLUFF,low,0.1277358839143755
DUMONT,high,0.12744981982526907
ONAWA,low,0.12585623822515588
ELY,high,0.12566499179538643
BELLEVUE,low,0.12562621938411792
EDGEWOOD,low,0.12387505254753557
SERGEANT BLUFF,high,0.12365937693507996
ANKENY,low,0.1222314842502702
ESTHERVILLE,mid,0.12207307933624141
HAWARDEN,low,0.12195678449826247
ALBURNETT,low,0.12148862790780528
JEWELL,low,0.1214559110812713
URBANA,low,0.11889398414588288
CORYDON,low,0.11753956548457267
MISSOURI VALLEY,low,0.11650264334298159
BUFFALO,low,0.11635098563299079
WAUKEE,low,0.11599739353108222
CARTER LAKE,low,0.11590646945510419
MARENGO,low,0.11496702103058698
LAMONT,low,0.11488286482091863
KNOXVILLE,low,0.11482785801304635
ALDEN,low,0.11452697458608287
ARLINGTON,low,0.11399003731843377
GRINNELL,low,0.11372548924790464
GRAETTINGER,low,0.113552396033596
DOWS,low,0.1131895069944504
BRITT,low,0.11304667997802663
ROCK RAPIDS,low,0.11257067506849265
PLEASANT HILL,low,0.11256166235364397
INDEPENDENCE,low,0.11241069555259371
TREYNOR,low,0.1116151845715387
ST CHARLES,low,0.11138577128899595
REMSEN,low,0.1113250321871198
DELAWARE,high,0.1100145817451365
FORT MADISON,low,0.109269154231395
DYSART,low,0.10832786968911708
GOWRIE,low,0.10832592549308345
BLUE GRASS,high,0.10776274639586748
AMES,low,0.10759859203859778
STUART,low,0.10720522223469404
WEST LIBERTY,low,0.10705628704700941
POMEROY,high,0.10696931903217764
ALBIA,low,0.10621261610857373
MORAVIA,low,0.1056724770589549
SUTHERLAND,low,0.10528705342392224
SOLON,low,0.10467003726943246
EAGLE GROVE,low,0.10389754259570118
ATKINS,low,0.10389323273490712
CAMANCHE,low,0.103138024123081
CARTER LAKE,high,0.10296446658633969
CONRAD,low,0.10285544780119467
SHELLSBURG,low,0.10234159037730671
STANTON,low,0.10183626119496286
DUNLAP,low,0.10178541451895473
LEON,low,0.10129166009220096
LAWLER,low,0.10117785816339171
ANAMOSA,low,0.10111975502378646
COUNCIL BLUFFS,low,0.09953007517239898
CLARINDA,low,0.09812952290777743
GILMORE CITY,low,0.0979540807877411
MEDIAPOLIS,low,0.0967854987183827
MASON CITY,low,0.09673251234251971
DENISON,low,0.09667129016075104
RUTHVEN,low,0.0964453256439618
SHELDON,low,0.09568349694414376
BOONE,low,0.09544253167131946
GREENE,low,0.09533908321381035
MARION,low,0.09448135819786337
ROCKWELL,mid,0.09411764705882353
ELLSWORTH,high,0.09382448787363244
WATERLOO,low,0.09274897947424099
MOUNT VERNON,low,0.09265605829487177
LA PORTE CITY,mid,0.09232123212321228
SPENCER,low,0.09190007187575051
MOUNT PLEASANT,low,0.09062282541645733
WINTERSET,low,0.09015258788938224
FARLEY,low,0.08986778821912972
SPIRIT LAKE,low,0.08961422517507354
DE SOTO,low,0.08903628791068578
COON RAPIDS,low,0.08900767771570402
CRESTON,low,0.08883591300063191
SWISHER,low,0.08863925526224874
SCHLESWIG,low,0.08862555951893179
WALL LAKE,low,0.0882820332173857
ALTOONA,low,0.08807338828650317
IOWA FALLS,low,0.08787730669880621
SAC CITY,low,0.08774761299815237
PALO,high,0.08773350864785183
KINGSLEY,low,0.0875946426306861
MONTICELLO,high,0.0873462281587234
CLEAR LAKE,low,0.08662095325610113
SIBLEY,low,0.08615710232286843
KELLOGG,low,0.08599103895692738
LE MARS,low,0.08581728218274691
MT PLEASANT,low,0.08554441796519634
MARSHALLTOWN,low,0.08553297673882383
FONDA,high,0.08524201944367062
WELLMAN,low,0.08510325375707045
LOST NATION,low,0.08469642978220655
CUMMING,low,0.0839529579575679
ELY,low,0.08368126917091667
EXIRA,low,0.08357244497941735
LANSING,low,0.08356043956569571
SIOUX CITY,low,0.08349133762311556
FARLEY,mid,0.08333333333333334
INWOOD,low,0.08317213217784171
CENTERVILLE,low,0.08307036635377342
MANCHESTER,low,0.08228682063362196
FLOYD,mid,0.0819403048489929
WILTON,low,0.08187871900103
KEOTA,low,0.08145733987703978
CORNING,low,0.08124155496505214
NORA SPRINGS,low,0.08108485318147737
BAXTER,low,0.08065514222555119
OAKLAND,low,0.08048960971860843
DAVENPORT,low,0.07980663332318232
ALGONA,low,0.07969677634622017
BURLINGTON,low,0.07952691205624791
WAVERLY,low,0.07870466337364976
STRATFORD,low,0.0786080095567317
WHEATLAND,low,0.07809617018137942
CEDAR RAPIDS,low,0.0778547453123489
SCRANTON,low,0.07767814289617843
SANBORN,low,0.0771475428174291
WASHINGTON,low,0.07709982552705959
DUBUQUE,low,0.07611266425547415
CHARLES CITY,low,0.0756695356200083
BLOOMFIELD,low,0.07523506507448173
ALLERTON,mid,0.07502190637030674
BEDFORD,low,0.07460023321850946
WAUKON,low,0.07446305079844169
MAPLETON,low,0.07433914647606428
TOLEDO,low,0.07411800100320831
ALLISON,low,0.0736273799002372
STORM LAKE,low,0.0735930502940182
MARTENSDALE,low,0.07230250567999734
COLUMBUS JUNCTION,low,0.07185084879169121
COLO,low,0.07105676142349225
CLINTON,low,0.07067326111910908
GREENFIELD,low,0.06976284806489493
PANORA,low,0.06937506345460763
BEVINGTON,high,0.06859713213434225
ELKADER,high,0.06791466737953276
OTTUMWA,low,0.06668480567522368
ELDORA,low,0.06500949247747408
MUSCATINE,low,0.06439161250244085
FORT DODGE,low,0.06424041965682235
HULL,high,0.06407673693300647
WINDSOR HEIGHTS,low,0.06394773585540409
GRAND JUNCTION,low,0.06368856272995456
DES MOINES,low,0.06354243708463868
BEVINGTON,low,0.06351539060861265
ALBIA,mid,0.06342845162196235
KEOKUK,low,0.06215596921680557
JEFFERSON,low,0.06180096876695155
LECLAIRE,low,0.06135563036577748
OSAGE,low,0.05929844985833729
ELLSWORTH,low,0.05912831298271463
NEW VIRGINIA,low,0.058970825803869587
KEOSAUQUA,low,0.05885140245561158
WEST BURLINGTON,low,0.057883996746684686
ROCK VALLEY,low,0.057151450387372925
ORANGE CITY,low,0.057052213776869
STATE CENTER,low,0.05680402117725238
IDA GROVE,low,0.056773158012508346
CHEROKEE,low,0.056458857294331484
WINTHROP,low,0.056059468818754093
PRIMGHAR,high,0.055402493639497535
MONONA,low,0.05501264093231225
GARWIN,low,0.054784740269324284
MONTEZUMA,low,0.05414713779105481
POCAHONTAS,low,0.052371114368460474
MAQUOKETA,low,0.05074678726511405
ATLANTIC,low,0.05062324027582276
SIOUX CENTER,low,0.05000158298316521
LOGAN,low,0.049069081693038225
BETTENDORF,low,0.04901974265146956
IOWA CITY,low,0.04787802489817868
GRUNDY CENTER,low,0.04736061443972234
WALFORD,low,0.047346610963905335
WEST POINT,low,0.046416608805706194
ELMA,low,0.04450850789233366
WEBSTER CITY,low,0.04433953099117488
RIVERSIDE,low,0.04305638513796564
MELCHER-DALLAS,low,0.042858910625879515
JOHNSTON,low,0.04282029699026598
PARKERSBURG,low,0.04280513781330186
DUMONT,low,0.04190261316363989
WOODWARD,low,0.04060242311891216
LOHRVILLE,low,0.04053617053556311
CLEARLAKE,mid,0.04023856684593411
MANNING,low,0.038995299988327105
HARLAN,low,0.0387521704599887
STRAWBERRY POINT,low,0.03823795322425794
WALNUT,high,0.037211796277085145
WEST UNION,low,0.03522580917696083
SUMNER,low,0.033681439307802624
TRAER,low,0.032917513318710075
CARROLL,low,0.032539728002589086
LAKE MILLS,low,0.03193584770485967
ROCKWELL CITY,low,0.031821242392997794
HOLSTEIN,low,0.03171441258494837
SLATER,low,0.03090761553941886
TEMPLETON,low,0.029890391500105435
PRINCETON,low,0.02913636348286756
FAYETTE,low,0.028687808461781216
NORTH LIBERTY,low,0.027840840387095434
KANAWHA,low,0.025189488481053013
FORT ATKINSON,low,0.019451787651108193
HUMBOLDT,low,0.018634382479406526
LAURENS,low,0.018039445833797758
CLEARLAKE,low,0.01797994169782195
DANVILLE,low,0.015602565104322397
ATKINS,high,0.015493953590684765
SUMNER,high,0.014069770207291535
SEYMOUR,low,0.013408327410486523
GUTHRIE CENTER,mid,0.013333333333333265
WESLEY,low,0.013326637372616695
ST ANSGAR,low,0.011584883832939588
HOLY CROSS,low,0.011011724927903144
SHENANDOAH,low,0.009053154599048948
CLARION,low,0.008427832250925124
HAMBURG,low,0.00774112121201298
WALNUT,low,0.007225220546041179
MONTICELLO,low,0.007082291546627719
FAYETTE,mid,0.006931341719077555
BELMOND,low,0.004894333375133221
CASCADE,low,0.004699624185455578
DENVER,low,0.004451784311125699
HAZLETON,low,0.003965363205979199
SHENANDOAH,mid,0.0028456410521715547
ST ANSGAR,mid,0.0
TEMPLETON,mid,0.0
BELLEVUE,mid,0.0
BEDFORD,mid,0.0
SIOUX RAPIDS,mid,0.0
BAXTER,mid,-0.0014190221564159278
ANITA,low,-0.004775582156093435
STORY CITY,low,-0.006334177971568433
FREDERICKSBURG,low,-0.007743491281326352
LOST NATION,mid,-0.007976268951878716
ESTHERVILLE,low,-0.009481482711736827
LAKE CITY,low,-0.01103108686009741
MALVERN,low,-0.018111983455303887
LISBON,low,-0.020931877920952042
ANTHON,low,-0.02725978789315585
HARTLEY,low,-0.033573013473928486
HOLY CROSS,mid,-0.03409090909090909
ROCKWELL,low,-0.03580729731374835
CALMAR,mid,-0.043708048067021846
AURELIA,low,-0.04914992306129671
MANSON,low,-0.04981205461822059
ODEBOLT,low,-0.05171718466514133
WINTHROP,high,-0.07646990239067705
DYSART,high,-0.07680507261198627
LA PORTE CITY,low,-0.07739897874354523
LIME SPRINGS,low,-0.07934733810142228
ARNOLD'S PARK,mid,-0.09003446852084211
WHITTEMORE,low,-0.09012614858550484
SWEA CITY,low,-0.0972623692198709
ROLFE,low,-0.09990450881610681
TRIPOLI,low,-0.10143079363240586
WASHBURN,high,-0.10629324150855872
ARNOLD'S PARK,high,-0.11322799260002533
LECLAIRE,mid,-0.1304323816886631
KELLOGG,mid,-0.13098458530718457
WALL LAKE,mid,-0.13308711978735677
SHELBY,high,-0.1330950360735275
ST LUCAS,high,-0.13312491397976609
SIBLEY,mid,-0.13345174659561881
GOWRIE,mid,-0.13443052206763528
REINBECK,mid,-0.13576470588235295
EARLING,low,-0.1412368090442321
SWISHER,high,-0.15762218811529002
ZWINGLE,mid,-0.16968162083936317
MORAVIA,mid,-0.1903846289141302
MARTENSDALE,mid,-0.1975
TEMPLETON,high,-0.20626042906382272
OSSIAN,high,-0.23855571146767535
CALMAR,low,-0.2452342246561254
ROCKFORD,high,-0.25130720074915114
ODEBOLT,high,-0.35903823474114205
MT PLEASANT,high,-0.3685897435897436
ALBURNETT,high,-0.38150807815611315
ARMSTRONG,mid,-0.4266666666666667
MOUNT AYR,mid,-0.4346504559270517
OTHO,mid,-0.4444444444444444
ARNOLD'S PARK,low,-0.44537205446848205
LOGAN,high,-0.4617349426342798
PRIMGHAR,low,-0.47864408612645026
LAWLER,mid,-0.48705647840531563
ALLERTON,high,-0.52517334537012
ARLINGTON,high,-0.5652893133750706
LAKE CITY,mid,-0.6193197278911565
DAKOTA CITY,mid,-0.6470588235294118
ALTA,mid,-0.7156502571638501
CALMAR,high,-0.7242592047705918
WINTHROP,mid,-0.7265090428315848
GREENE,mid,-0.7781398739333647
PALO,mid,-0.8022947845804989
WESLEY,high,-0.8303076923076923
ELLSWORTH,mid,-0.8735847450412871
ROCKWELL CITY,mid,-0.9057142857142857
