City,Bottle Size,Grade,Avg Growth Rate
SHENANDOAH,s,mid,146.1435797392553
PARKERSBURG,s,high,122.83999999999999
LARCHWOOD,s,mid,93.1780303030303
VAN HORNE,s,high,59.26968458295364
WALFORD,s,low,53.966081871345025
WINTHROP,s,low,52.26683740561078
BLOOMFIELD,s,low,51.399527440061355
BUFFALO CENTER,s,mid,50.65888888888889
SAGEVILLE,l,low,41.78569050413309
MEDIAPOLIS,m,high,38.728380952380945
LAKE PARK,s,high,38.29633333333334
RAYMOND,s,mid,26.627402438558267
VAN HORNE,m,high,26.491832425825095
MONTEZUMA,s,mid,26.38396546690295
WEST UNION,s,mid,25.07272727272727
ONAWA,s,mid,21.733195554750946
ROCK RAPIDS,s,mid,21.22279180465954
GUTTENBERG,s,mid,21.000296598535748
LAMONI,s,mid,20.723528276394518
MELBOURNE,m,high,19.84952380952381
BONDURANT,m,high,19.743615066605415
GRAND MOUNDS,m,high,19.32758620689655
LISBON,s,mid,19.236363636363635
AVOCA,m,mid,18.026533333333333
BALDWIN,m,high,14.065858974358976
PLEASANT VALLEY,s,low,14.014343434343434
HUMBOLDT,s,mid,13.527156317156724
GLENWOOD,m,high,13.499895382930939
LE CLAIRE,m,mid,12.201587069283423
MEDIAPOLIS,m,mid,12.151705202312138
LE CLAIRE,s,mid,12.15078545352931
HUDSON,m,mid,12.065215220431773
NORWALK,m,high,11.454908182601205
OELWEIN,m,high,11.26998050682261
SIGOURNEY,m,mid,11.208583999281675
AKRON,s,high,11.198565026546717
INDEPENDENCE,s,mid,11.146993129877366
WAUKON,s,mid,10.53297302137824
AUDUBON,s,mid,10.107878787878786
POCAHONTAS,m,mid,10.100089666645234
RAYMOND,m,mid,9.41430864093251
NORTHWOOD,s,mid,8.823801988683138
HULL,s,low,8.814909176565935
ORANGE CITY,m,high,8.669830119104255
MELCHER-DALLAS,m,high,8.554
COLUMBUS JUNCTION,s,mid,8.5248
DUNLAP,m,mid,8.294289263197035
BELLE PLAINE,m,mid,8.06626331431768
OELWEIN,m,mid,8.05141393515015
MANSON,s,mid,8.000000000000002
HUXLEY,m,high,7.543153321294755
WEST BURLINGTON,m,high,7.458663279370827
LAKE VIEW,m,high,7.409174988130492
ARNOLDS PARK,s,mid,7.339351545021632
POLK CITY,m,mid,6.9395512768547
VINTON,m,mid,6.911153968506305
POCAHONTAS,m,high,6.669405131764497
CARLISLE,s,mid,6.599926630376558
NORWALK,s,mid,6.5385390448122065
GLENWOOD,s,mid,6.491446967926467
BALDWIN,s,mid,6.485175827944077
GLADBROOK,s,high,6.440158825763399
CARROLL,s,mid,6.43051712290152
PLEASANT HILL,l,high,6.415647015202077
PELLA,s,mid,6.408299614579352
DUNLAP,s,mid,6.3168
MISSOURI VALLEY,s,mid,6.169118675844018
CAMANCHE,s,mid,5.973673036093417
JEFFERSON,m,mid,5.967222400639582
DOON,s,high,5.859928471353805
LAMONT,l,low,5.849727805876507
POLK CITY,s,mid,5.740074250221592
CLEAR LAKE,s,mid,5.621095180125565
OELWEIN,s,mid,5.568444549755455
BUFFALO CENTER,m,high,5.469770384322295
FONTANELLE,l,low,5.4345159537303
VINTON,m,high,5.321135894666476
ADEL,m,mid,5.305024793392483
HUXLEY,m,mid,5.221488053781198
WALFORD,m,high,5.217403907472897
BUFFALO CENTER,m,mid,5.214465478020594
WALNUT,s,mid,5.190378576491294
LIVERMORE,s,high,5.178917222155383
MURRAY,l,low,5.104606858330447
CENTER POINT,s,low,5.010963095305132
ATKINS,s,mid,4.977550832656768
FAIRFIELD,s,mid,4.910796165963901
MAXWELL,s,high,4.7890881038360105
STRAWBERRY POINT,s,high,4.782854375017419
SAINT ANSGAR,m,mid,4.778019959588101
COON RAPIDS,m,mid,4.661512391442491
MAQUOKETA,m,mid,4.492691414662553
WESLEY,m,mid,4.461912285009436
BALDWIN,m,mid,4.45372615157584
NEW HARTFORD,s,high,4.384333281272303
HUDSON,m,high,4.365774920760158
WELLMAN,m,high,4.364186194819785
SPIRIT LAKE,s,mid,4.356603112720119
WINTERSET,m,high,4.274326463510744
INDIANOLA,s,mid,4.2642832860198
WOODBINE,s,low,4.237633530595919
MANCHESTER,m,high,4.231055640681867
TOLEDO,s,mid,4.1123988925308685
EVANSDALE,s,mid,4.1064073617206605
GUTTENBERG,m,mid,4.061220752514666
MARENGO,s,mid,4.016979233674019
COLESBURG,m,low,3.994515899468878
ALBERT CITY,s,low,3.943943338279322
DECORAH,s,mid,3.9271548963684744
WEST BEND,m,high,3.874158139534884
RED OAK,m,high,3.856264998647784
INWOOD,s,mid,3.8
HAMPTON,s,mid,3.7803958308641525
WEST LIBERTY,s,mid,3.6981364938085766
DEWITT,s,mid,3.697382195156946
GLENWOOD,m,mid,3.678570962509949
TIPTON,s,mid,3.6712938912938906
SOLON,m,mid,3.6703968214474467
WEST DES MOINES,l,high,3.5993777777777782
ST ANSGAR,s,high,3.596747650711496
KNOXVILLE,s,mid,3.5675923899426025
MANCHESTER,s,mid,3.5554209081009915
HULL,l,low,3.526377432811436
PACIFIC JUNCTION,m,high,3.469122494004796
HAMPTON,m,high,3.4155645841715763
REINBECK,s,high,3.388392798957315
ELDRIDGE,m,mid,3.372018541240912
LENOX,m,mid,3.365464943980584
NORWALK,m,mid,3.351327588393859
BOONE,s,mid,3.3291106692967882
HIAWATHA,m,mid,3.299234208020786
GRAETTINGER,s,low,3.2901043738990228
ANKENY,l,high,3.265549868155732
SAC CITY,m,mid,3.2122102680806264
ROLAND,s,mid,3.1707188160676534
AVOCA,s,mid,3.167049808429119
HARLAN,s,mid,3.1626826453558663
HUBBARD,s,low,3.1168982805057666
ESSEX,l,low,3.107917692113517
CLARINDA,s,mid,3.0860754049880037
SIOUX CENTER,s,high,3.0680789132070156
GRAND MOUNDS,s,mid,3.0621431518032916
GUTTENBERG,m,high,3.059824825304972
BEDFORD,s,high,3.004710277076446
HAMBURG,s,high,3.002611956018031
NEW VIRGINIA,s,mid,3.0
CARROLL,l,high,3.0
ALBIA,s,high,2.9776676701264937
EDDYVILLE,s,high,2.894983403484969
CRESTON,s,mid,2.884175617577862
WILLIAMSBURG,s,mid,2.8832118654903467
URBANDALE,s,mid,2.81256819556553
RICEVILLE,s,high,2.803125493885698
CENTRAL CITY,m,high,2.7834949020960527
ALBERT CITY,l,low,2.781556786181707
CENTERVILLE,s,mid,2.7759920384368573
SPRINGVILLE,s,high,2.758819763953966
WAVERLY,s,mid,2.749459344751297
BALDWIN,s,high,2.724027592190049
SIGOURNEY,m,high,2.706706954436451
PARKERSBURG,m,high,2.6798690420075113
CHEROKEE,s,mid,2.649745309931341
INDEPENDENCE,m,high,2.644350441812371
CARLISLE,m,high,2.6327720009196938
MAPLETON,m,mid,2.6025501035361667
STUART,m,mid,2.5920075757575756
CEDAR RAPIDS,l,high,2.586419419048928
DEWITT,m,high,2.5817096954170853
MARTELLE,s,mid,2.5688586545729404
ELDRIDGE,m,high,2.559197906248381
BRITT,m,mid,2.55
WYOMING,l,low,2.52236508665408
SIOUX CENTER,s,mid,2.4833178143757957
DAYTON,s,high,2.4773344847274164
ADEL,s,mid,2.472967458048634
HUBBARD,s,high,2.4455467138393514
BANCROFT,s,mid,2.430713230259127
CRESTON,m,mid,2.4301219796297526
GREENE,s,high,2.4201542357895867
HULL,m,low,2.402833017917955
IOWA FALLS,s,mid,2.399352963602995
BONDURANT,m,mid,2.3959872045608757
SOLON,s,mid,2.3659090909090907
BALDWIN,s,low,2.338621934329203
VILLISCA,s,low,2.2938682255081093
MONTEZUMA,m,high,2.2835480364565464
STANWOOD,s,high,2.2835273543140318
MONONA,m,high,2.2517957471019128
MURRAY,s,low,2.2354212124188164
ALLERTON,m,low,2.2341502116764924
DYERSVILLE,m,mid,2.2141315136476427
MELBOURNE,s,high,2.2093026582203756
INDEPENDENCE,m,mid,2.206140478603306
MORNING SUN,l,low,2.2035936734163313
WEST BEND,l,low,2.1970589727896632
COLFAX,s,mid,2.1916666666666664
KEOSAUQUA,s,mid,2.1863987790429142
COLESBURG,l,low,2.1843002489446905
EAGLE GROVE,s,mid,2.183150183150183
MT PLEASANT,s,mid,2.176527777777778
JEFFERSON,s,mid,2.1720008739720944
WASHINGTON,s,mid,2.165312545811093
VAN HORNE,s,low,2.1505818609224763
LAKE MILLS,s,mid,2.1458738538482907
ELK RUN HEIGHTS,s,high,2.1395108124331723
ALBERT CITY,m,low,2.1327948171953004
STANWOOD,s,low,2.1103956441196616
VILLISCA,l,low,2.104827361514294
KALONA,s,mid,2.094993264957858
DELMAR,s,high,2.0761133603369335
MONONA,m,mid,2.0611522633744856
HAMPTON,m,mid,2.0601308260965356
LE GRAND,s,mid,2.0323232323232325
ALBERT CITY,s,high,2.0308093163872143
DEWITT,m,mid,2.010632468479936
MOUNT VERNON,s,mid,2.006922601190219
INWOOD,m,mid,1.9935741407847338
LA PORTE CITY,m,high,1.9798120805369128
HOLSTEIN,s,mid,1.9661777007049268
FAIRFIELD,m,high,1.9550318697594573
TRIPOLI,s,high,1.9465238168131906
HINTON,m,low,1.9456002611001801
MARENGO,m,high,1.9384251533144343
ORANGE CITY,m,mid,1.9331540930598556
NEWTON,m,high,1.9271018885826152
NORWAY,m,high,1.9215353169355551
LOVILIA,s,high,1.9190911561590938
WEST BEND,s,high,1.8979515361004367
MORNING SUN,m,low,1.884839676383964
OTHO,s,high,1.8713333333333335
GLIDDEN,m,mid,1.8661246612466125
CRESCO,s,mid,1.864247459386503
NEVADA,s,mid,1.8616482324424142
BAXTER,s,high,1.858018906078857
DONNELLSON,l,low,1.8571401262256193
LAURENS,m,mid,1.8529411764705883
BROOKLYN,l,low,1.8295597910277897
AUDUBON,s,high,1.8295153532354842
NEVADA,m,mid,1.827279967681527
EDDYVILLE,l,low,1.8221570597427599
TRAER,s,mid,1.8188276246170985
ADEL,m,high,1.8133536987529155
WHITTEMORE,s,high,1.7877774332166751
NORWAY,m,mid,1.7787763463756543
KALONA,s,high,1.7593667801854265
AURELIA,s,high,1.750787575938089
AUDUBON,m,mid,1.7440812996694344
ATLANTIC,s,mid,1.7401032642212846
WEST BEND,m,mid,1.7398972877547747
MARQUETTE,s,high,1.7198318297047699
MURRAY,m,low,1.7033377565780832
CAMANCHE,s,high,1.7029497140829986
ALDEN,s,high,1.690069624617692
HUMBOLDT,m,high,1.6843545562994493
PLEASANT VALLEY,l,low,1.6770591917531188
ALTON,s,high,1.673254016911139
WEST BURLINGTON,m,mid,1.6720690473598285
NORTHWOOD,m,high,1.6680893628206463
SAINT ANSGAR,m,high,1.667259654496649
ELDORA,m,mid,1.6546613363656906
CAMANCHE,m,mid,1.6339936959004202
SIGOURNEY,s,high,1.6230771479231283
DANVILLE,l,low,1.6180170450540154
WINTERSET,m,mid,1.6144758996496478
FAIRBANK,s,high,1.6041557110755866
MARION,s,mid,1.5842568432239899
PACIFIC JUNCTION,m,mid,1.5814015774090893
STANWOOD,l,low,1.5791438980134147
HUBBARD,m,low,1.5783075610157216
STANWOOD,m,low,1.5680759427220685
ARNOLD'S PARK,m,high,1.557600077685442
CLARINDA,m,mid,1.5501428607587482
WAPELLO,s,high,1.5459886973623354
POMEROY,l,low,1.5422401444852711
NEW SHARON,s,high,1.5417438275904551
NORTH LIBERTY,m,high,1.537295270399112
NEVADA,m,high,1.5299760191846523
JEWELL,s,high,1.5240859839205882
DUNLAP,m,high,1.5217505382316163
HARPERS FERRY,m,high,1.5185991742780063
EVANSDALE,m,high,1.5057543074058048
BELLE PLAINE,s,mid,1.502713435585058
HIAWATHA,s,mid,1.5022947582881006
ROLAND,s,high,1.496758449450212
OXFORD,s,mid,1.4814026339342794
ROCK VALLEY,m,mid,1.4692561483082915
DENISON,m,high,1.4680312554832948
EARLY,s,high,1.4626598136703288
BELLE PLAINE,m,high,1.4551914202329803
CORWITH,s,high,1.4532019704433499
CEDAR FALLS,s,mid,1.447669448796723
EDDYVILLE,m,low,1.44655128976335
BLAIRSTOWN,s,low,1.44503950834065
VAN HORNE,m,mid,1.4416291748799217
WELLMAN,m,mid,1.4401434220886415
TRAER,m,high,1.437883054497267
PLEASANT HILL,m,high,1.4346016852546588
NEW LONDON,s,high,1.4345634310685018
WINDSOR HEIGHTS,s,mid,1.4325972263253324
SPENCER,s,mid,1.4276832784772295
DYERSVILLE,m,high,1.425789165897199
MALVERN,s,high,1.4194503544843189
MAYNARD,l,low,1.4081706830691718
KINGSLEY,s,high,1.4063
HOLY CROSS,s,high,1.4055567682534353
LAURENS,s,high,1.4035509815862983
OSKALOOSA,m,high,1.3994959441391763
ALTON,l,low,1.3993490837781872
LAKE VIEW,m,mid,1.3979426653860851
BROOKLYN,m,low,1.3908635500034041
SERGEANT BLUFF,s,mid,1.388030303030303
BALDWIN,m,low,1.3818828056674977
MANLY,s,high,1.3798522713819403
KALONA,m,mid,1.3721049769098805
BROOKLYN,s,high,1.3688265856562956
WEST BURLINGTON,s,mid,1.3685230580854884
VAN METER,s,high,1.3683535658646104
DAKOTA CITY,s,high,1.3624890182010674
DECORAH,s,high,1.3478895507260944
MITCHELLVILLE,s,high,1.3470876830348573
MARENGO,s,high,1.341088220817275
REINBECK,m,high,1.3374194888842719
ALTON,s,low,1.3366954058179517
WEST LIBERTY,m,high,1.3327131074947545
MT PLEASANT,s,low,1.328497351883885
GOWRIE,s,high,1.3238423951333804
EVANSDALE,m,mid,1.320172554266676
PELLA,m,high,1.3191828222591266
FORT MADISON,s,mid,1.3102810390314759
LE CLAIRE,m,low,1.3048049010986453
HINTON,s,high,1.3046722941971363
GRIMES,m,mid,1.3035127582399142
SIBLEY,s,mid,1.2904538341158056
BUFFALO CENTER,s,high,1.2890326106249914
PERRY,m,mid,1.28315305891159
WINFIELD,s,high,1.2812025064477908
MORNING SUN,s,low,1.2810116223195847
FONTANELLE,m,low,1.2702937468356943
SEYMOUR,s,high,1.2699489331279723
PERRY,m,high,1.2608086989426777
IDA GROVE,m,mid,1.2587182470473983
CLERMONT,s,high,1.2482176543190535
DELHI,s,high,1.2481088355314227
ANITA,s,high,1.2423608446819967
LARCHWOOD,m,mid,1.2350850202948045
GUTTENBERG,s,low,1.2299818745065678
WILLIAMSBURG,l,low,1.229678802456452
GRINNELL,s,mid,1.2294373971321029
NEWTON,s,mid,1.2172298992418058
BANCROFT,m,mid,1.2158661488426172
SWISHER,s,mid,1.2129564193168432
CORYDON,m,mid,1.2107078820069106
STRATFORD,s,low,1.2103396005700926
MONONA,s,high,1.2102644986038638
AMES,l,high,1.207180694526192
TIFFIN,m,high,1.2023825559967638
SWEA CITY,s,low,1.201504501338783
LAKE VIEW,l,low,1.186383747867614
ALGONA,m,high,1.1828712356326578
LANSING,s,high,1.1822646569279986
NASHUA,s,high,1.180814137386773
NEW HARTFORD,l,low,1.1779107394554116
PLEASANT HILL,s,mid,1.1736306694543714
LE GRAND,s,low,1.1688929282028304
MANNING,m,mid,1.1675692359493814
CORRECTIONVILLE,s,high,1.165334532935957
KEOKUK,s,mid,1.161565908917024
DALLAS CENTER,s,high,1.1566711115643993
KALONA,s,low,1.1562096177931374
MOUNT AYR,s,high,1.149979585206719
GRUNDY CENTER,m,mid,1.1494574417522676
LE CLAIRE,m,high,1.140716664419913
DENISON,m,mid,1.1402955837363917
MARENGO,m,mid,1.1376841545537542
REINBECK,s,low,1.1322416206744579
MASON CITY,m,high,1.1311365599636098
AMANA,s,high,1.1309615565195292
CORALVILLE,l,high,1.1303339517625228
CARTER LAKE,s,mid,1.1296356629002617
TIFFIN,l,low,1.1293443753331702
COGGON,l,low,1.114835487250784
COGGON,s,high,1.1044502249601622
SULLY,s,high,1.100744978806
COLUMBUS JUNCTION,s,high,1.0895269176673466
COLUMBUS JUNCTION,m,mid,1.0870431743242643
ROCKWELL CITY,s,high,1.0841281492691432
ARNOLDS PARK,m,mid,1.077472158857368
NICHOLS,l,low,1.0768445843346797
LAKE CITY,s,high,1.0767124804469292
CALMAR,s,low,1.075043384456639
NORTH ENGLISH,m,mid,1.0749099825289108
BUFFALO,s,high,1.0746178660917716
VILLISCA,m,low,1.071040629587854
WILLIAMSBURG,m,mid,1.065618120181544
DECORAH,m,high,1.0620810892215342
BRITT,s,high,1.0596724423939896
CONRAD,s,high,1.044756831357306
DECORAH,m,mid,1.0447146768328566
WOODBINE,m,mid,1.0445078463501252
CLARKSVILLE,s,high,1.0443565119687535
COUNCIL BLUFFS,s,mid,1.0426503573677797
ELDORA,s,high,1.0418576484291655
BEVINGTON,s,mid,1.0378787878787883
MARTELLE,s,low,1.0326772772937212
HINTON,s,low,1.0321917717359341
LAKE MILLS,s,high,1.0300368331433332
LA PORTE CITY,s,high,1.0284081426629375
ACKLEY,s,high,1.0225872867409742
ANITA,m,mid,1.0198796939239552
PEOSTA,m,mid,1.0183806395294466
MERRILL,s,high,1.014645798387602
ALBION,s,high,1.01359238644
LOHRVILLE,s,high,1.0134147548288692
FONTANELLE,s,low,1.011313884433655
ARMSTRONG,s,high,1.0085163952183445
GRISWOLD,s,high,1.0055301565864
EDDYVILLE,s,mid,1.0
WALFORD,s,mid,1.0
DE SOTO,s,mid,0.998789846517119
LARCHWOOD,m,high,0.9964641961666958
HILLS,l,low,0.9961388350486193
ROLAND,l,low,0.9952782263004801
COON RAPIDS,s,high,0.9913775252428537
BRITT,m,high,0.9884580627191959
OTTUMWA,m,high,0.9876551741729328
SHUEYVILLE,m,mid,0.9835300556684466
COLUMBUS JUNCTION,m,high,0.9824651086107529
WOODWARD,s,high,0.9824272581173954
SIOUX CENTER,s,low,0.9668222419311358
ALTA,s,high,0.9626708126601713
CASCADE,m,high,0.960006029037046
GRAND MOUNDS,s,high,0.9583555481274698
BLOOMFIELD,s,high,0.9525031724006219
CHARLES CITY,s,mid,0.9522260964646274
OSKALOOSA,s,mid,0.9518662702550346
WALKER,s,high,0.951379026093227
PALO,m,high,0.9471626228193301
LONE TREE,s,low,0.9449218788996895
ALTOONA,s,mid,0.9410194570686815
ROCK RAPIDS,m,high,0.933479561477032
MADRID,s,high,0.93017607606339
CLARINDA,m,high,0.9301732174260539
MOUNT VERNON,s,high,0.9282030433481819
ANAMOSA,s,mid,0.9248309539936854
MONROE,s,high,0.9230063770690395
BAXTER,s,low,0.9163453414616898
GILMORE CITY,s,high,0.9140883916197972
VICTOR,s,high,0.9137137374654127
MANNING,s,high,0.9131148287127075
SWISHER,s,high,0.9097388448256126
MASON CITY,l,high,0.9076371839957534
MONTICELLO,m,mid,0.9075620058447594
DEWITT,m,low,0.9054260525746635
ROCKFORD,s,low,0.9046777935116571
LE CLAIRE,s,low,0.9010246331260962
FAIRBANK,s,low,0.8993376538071044
DENISON,s,high,0.895429093142738
BLUE GRASS,s,mid,0.888888888888889
DENVER,s,high,0.8884563852740349
OSKALOOSA,m,mid,0.8878515218770642
PLEASANTVILLE,m,low,0.8874247538107504
CLARENCE,l,low,0.8870231573986402
PARKERSBURG,m,mid,0.8845574387947268
CLIVE,m,high,0.8823610785675443
TABOR,s,high,0.8806931423564354
WEST DES MOINES,s,mid,0.8800088202449562
ONAWA,m,high,0.8760902406407035
GOLDFIELD,s,high,0.8755350668589476
LE CLAIRE,l,low,0.8753873855708134
CORYDON,m,high,0.8715275432338858
POMEROY,s,low,0.861190925758695
DEWITT,l,low,0.8607695231346103
HAWARDEN,s,high,0.860727544702467
BETTENDORF,s,mid,0.8571973638620788
HOLSTEIN,m,high,0.8566288181789609
MADRID,m,mid,0.8562823771379374
CLINTON,m,high,0.8559294084975863
NEW HARTFORD,s,low,0.8540834786121162
CRESCO,l,high,0.8539117538005192
ESSEX,s,low,0.8529470497059543
FORT MADISON,m,mid,0.8517937052960773
TAMA,s,high,0.8508746224081914
AMES,s,mid,0.8443926275890217
EDDYVILLE,s,low,0.843140564816866
LE CLAIRE,s,high,0.8424491784635265
HILLS,s,high,0.8418731351930275
PRAIRIE CITY,s,high,0.8364228563665487
PERRY,s,mid,0.8354046964618012
EVANSDALE,s,high,0.8348292465102416
ALTA,s,mid,0.8344854829152677
TIFFIN,s,mid,0.832610287764927
HOLSTEIN,m,mid,0.8310972194408381
ESSEX,m,low,0.8284757537706008
JOHNSTON,s,mid,0.8283024291496303
KALONA,m,high,0.8281449784027167
CARLISLE,m,mid,0.8280114683502857
RED OAK,s,high,0.8249391004294502
ALGONA,m,mid,0.8248075256406957
RED OAK,m,mid,0.8211156089400894
OTTUMWA,s,mid,0.8206461379457844
WEBSTER CITY,m,high,0.8201743043256268
CHARLES CITY,m,mid,0.8191348474425703
CLIVE,m,mid,0.8150094400451818
COLESBURG,s,low,0.8148746968472109
NICHOLS,s,high,0.814416176838342
MANCHESTER,m,mid,0.8140250019544376
GLADBROOK,m,low,0.8109469340370938
HUMESTON,s,high,0.8102892410572696
WEST BRANCH,s,mid,0.8084693084693084
CORWITH,s,low,0.8083181245323612
LISBON,s,high,0.8071562666437369
JEFFERSON,m,high,0.8046229288350868
GLADBROOK,s,low,0.8000919637591127
ELDON,l,low,0.7999478996381019
SAGEVILLE,s,high,0.7976847094328396
MILFORD,s,mid,0.7970458903138685
CRESCO,m,mid,0.7970014124735231
GOLDFIELD,s,low,0.7958046375765472
WEBSTER CITY,s,mid,0.7946760626577962
MONROE,s,mid,0.7944358578052549
SHELBY,s,low,0.7931192660550458
WOODBINE,s,high,0.7914007650191973
WEST UNION,s,high,0.787676031420729
POLK CITY,m,high,0.7868598291008975
ANKENY,s,mid,0.7866362477128619
LONE TREE,l,low,0.7861499153030733
REDFIELD,s,high,0.7856047248444064
JESUP,s,high,0.7845834891201677
DENISON,s,mid,0.7803890838257662
CAMANCHE,m,high,0.7696121892752767
MUSCATINE,m,high,0.7682300586962642
MASON CITY,s,mid,0.7671168187891054
GRAND JUNCTION,s,high,0.7659338367016861
ATLANTIC,m,high,0.7658367975502935
OSAGE,m,mid,0.7655156164077214
RUTHVEN,l,low,0.7642845816845929
MELCHER-DALLAS,m,mid,0.7632580355999488
REMSEN,s,high,0.7624111635175638
MORAVIA,s,high,0.7577060200436003
MARION,m,high,0.7568412034795258
MAYNARD,s,low,0.7562388574232892
BANCROFT,m,high,0.7534685835330883
HOLSTEIN,s,high,0.7532767208479817
ONAWA,m,mid,0.7529034427627174
FORT MADISON,s,low,0.751595213575345
WELLSBURG,s,high,0.7447953049425128
VILLISCA,s,high,0.744112563213162
KALONA,l,low,0.7425203671422969
LAKE VIEW,s,high,0.7418346357855614
MOUNT VERNON,m,mid,0.7416425925832315
GRIMES,m,high,0.7404405853783366
GRIMES,s,mid,0.7401490557967162
COGGON,s,low,0.7356529644718278
EXIRA,s,high,0.7347653402672063
MECHANICSVILLE,s,high,0.7338377590606027
ALTOONA,m,mid,0.7292638967167046
WYOMING,s,high,0.7271319357427461
TIFFIN,m,mid,0.7264326040536279
SAGEVILLE,s,low,0.7213666209132942
OSSIAN,l,low,0.7205850171420236
ELK RUN HEIGHTS,l,low,0.718792036896238
GUTHRIE CENTER,s,high,0.7180921945181601
WAPELLO,m,low,0.7172130652118955
WEST BRANCH,s,high,0.716335203497133
TRURO,m,low,0.7145401497274081
MONTEZUMA,s,high,0.7117459956781257
KANAWHA,s,high,0.7102494606711991
CORNING,s,high,0.7079711851161852
SAC CITY,s,mid,0.706359398390378
CASCADE,s,high,0.7032030865828304
WALKER,s,low,0.7012458647656699
GRINNELL,m,high,0.6967830283352083
BLAIRSTOWN,s,high,0.6958964740285088
WAPELLO,l,low,0.695859435846149
PAULLINA,s,high,0.695041527404224
SULLY,s,low,0.6949572371209479
NEOLA,s,mid,0.6944444444444443
WASHBURN,l,low,0.6907281003222937
CORRECTIONVILLE,m,low,0.690598621015551
CLARENCE,s,high,0.689731253158849
MANCHESTER,s,high,0.6894838827614646
HARLAN,m,mid,0.6891919024857621
WASHINGTON,m,high,0.6890125312336065
WAUKON,m,mid,0.6878659307589552
ESSEX,s,high,0.6844181210229208
SAC CITY,m,high,0.6843295181938109
ELK RUN HEIGHTS,s,low,0.6826043540795655
ALTOONA,m,high,0.6821630598312113
CORWITH,l,low,0.682014028803145
NORTH ENGLISH,s,high,0.6817024160686453
GUTTENBERG,s,high,0.6815191105496305
OGDEN,s,low,0.6800762573737685
LE MARS,s,mid,0.6786559614727893
GARNER,s,high,0.678428580684148
LE GRAND,m,low,0.677519904427995
CRESCO,m,high,0.6770544597342462
RUDD,m,low,0.6746849508319392
GRAND MOUNDS,m,low,0.6727596017686949
MORNING SUN,s,high,0.6702427298765259
CHEROKEE,m,high,0.6690719786796759
DEXTER,s,high,0.6689499428323692
OXFORD,m,mid,0.6684683044611375
CLINTON,m,mid,0.6684273827660236
WINTERSET,s,mid,0.6669201015852567
NORTH ENGLISH,m,high,0.6659713282718652
PRINCETON,s,high,0.6652298327677785
LE GRAND,s,high,0.663659260346214
EVANSDALE,s,low,0.6626993879136539
OGDEN,m,low,0.6611221140935585
HUDSON,s,high,0.6598273444138126
NORTHWOOD,m,mid,0.6596037992151297
TOLEDO,m,mid,0.659570160885941
BALDWIN,l,low,0.6575950832366745
CEDAR FALLS,m,high,0.6559146098517918
NEWTON,m,mid,0.6554719654780966
STATE CENTER,s,high,0.6533245567317559
MASON CITY,m,mid,0.6526897899385654
WAUKEE,s,mid,0.6497087128762348
RED OAK,s,mid,0.6454645815884466
CARLISLE,s,high,0.6405742200711124
LAKE MILLS,m,mid,0.6403824814892803
CONRAD,m,low,0.6391065339872976
DONNELLSON,s,high,0.6383155460728861
NEW LONDON,s,low,0.6373416065475316
URBANA,s,high,0.634992655731836
GRINNELL,s,high,0.634508719021275
LAMONI,m,mid,0.6332952021941112
JESUP,l,low,0.6290558724776424
WEST BEND,m,low,0.6279294399722972
ZWINGLE,s,low,0.6275367445291157
ELK RUN HEIGHTS,s,mid,0.6272727272727272
GRISWOLD,l,low,0.6266094263397258
FREDERICKSBURG,s,high,0.6265855388233229
STUART,s,high,0.6257024968382698
CORWITH,m,low,0.6253839216378033
WHAT CHEER,l,low,0.6249785695618568
WILLIAMSBURG,m,low,0.624063233075904
WEST DES MOINES,m,high,0.6231625153343682
CHEROKEE,m,mid,0.6231226554852003
ROBINS,s,high,0.6229982707529337
WHAT CHEER,m,low,0.6215600628709073
FAYETTE,s,high,0.6192829548343378
ROCK VALLEY,m,high,0.617418123130007
HARLAN,m,high,0.6170034375514993
ACKLEY,s,low,0.6144183612678346
WAUKEE,m,high,0.6122512400912757
ELDON,s,high,0.6122398673912279
LE GRAND,l,low,0.610783477399269
OSAGE,m,high,0.6106133999167707
OAKLAND,s,high,0.6100356829837081
IDA GROVE,s,high,0.6083326524287523
SHENANDOAH,s,high,0.6077136771704121
ANTHON,s,high,0.6065513322471839
HAWARDEN,m,mid,0.6055504241818446
OGDEN,l,low,0.6014611361528827
PLEASANT HILL,m,mid,0.6005721339785045
ORANGE CITY,s,mid,0.5999917392332647
NASHUA,s,low,0.5976140297103153
LONE TREE,m,low,0.5961818043814788
AVOCA,s,low,0.596014348597455
WALL LAKE,s,high,0.5939641184574221
MARCUS,s,low,0.5909216012103699
ST CHARLES,s,high,0.590339880552795
SHUEYVILLE,s,mid,0.5901477832512315
COLO,s,high,0.5901245597333421
DAKOTA CITY,s,low,0.5888846900881284
BUFFALO CENTER,s,low,0.588479212705061
PALO,l,low,0.587832629120431
VINTON,s,low,0.5870329822244021
WAUKON,m,high,0.5861676461343149
NEW HARTFORD,m,low,0.5849003982478479
JESUP,s,low,0.5819793315881833
GRINNELL,m,mid,0.5815775831686901
CEDAR FALLS,m,mid,0.5802799999328466
PERRY,s,high,0.5796340949368212
WAVERLY,m,high,0.5777577581642769
SPENCER,m,high,0.5754335526770405
MANNING,s,low,0.5743577755429009
CLARINDA,s,high,0.5735993004698291
BROOKLYN,s,low,0.5721876856959008
TIPTON,m,mid,0.5721126807466806
LONE TREE,s,high,0.5715817957163462
MIDDLETOWN,l,low,0.5714055265195818
HARPERS FERRY,s,low,0.5712121604620914
GLIDDEN,s,high,0.571048673666785
NICHOLS,s,low,0.5704902726606473
FARMINGTON,s,low,0.5704206042697805
ANAMOSA,m,high,0.5689201092783005
FONDA,s,low,0.568651902857188
EARLY,s,low,0.5671823168334306
ZWINGLE,s,high,0.5668135599952202
KALONA,m,low,0.5666654507460702
SWEA CITY,s,high,0.5655966200453527
PERRY,s,low,0.5655325039651805
CORALVILLE,s,mid,0.5652065642382444
MAQUOKETA,s,high,0.564463431470594
COLFAX,s,high,0.5642645019605712
POMEROY,m,low,0.5637395031156158
ANITA,s,mid,0.5636363636363636
NEW LONDON,m,low,0.5627180728909781
SHUEYVILLE,m,high,0.5609124579426675
AVOCA,s,high,0.5606469259747627
CLERMONT,s,low,0.5604266523333755
URBANDALE,m,mid,0.560138982133538
ALTON,m,low,0.5567515828203676
DELMAR,s,low,0.5554143721830652
DEXTER,s,low,0.5540257008435131
CARROLL,m,high,0.5526467382325385
HAMPTON,s,low,0.5522285485190679
HIAWATHA,m,high,0.551251282051282
ADEL,s,high,0.5508525295682922
AFTON,s,low,0.5480001926866295
URBANDALE,m,high,0.547915257227413
ST ANSGAR,s,low,0.546141511122412
NORTH LIBERTY,m,mid,0.5457409061555734
WEST BEND,s,low,0.5446605011315924
NEW HAMPTON,s,low,0.5446333572417822
ADAIR,l,low,0.5444235998698728
SIOUX RAPIDS,s,high,0.5442536559590997
DENVER,s,low,0.5439718538616937
MANCHESTER,s,low,0.5435089959317395
FREMONT,s,high,0.5423303599908595
VAN HORNE,m,low,0.5423004726863733
LE MARS,m,mid,0.5420488475031565
RICEVILLE,l,low,0.5407281965869584
HUXLEY,s,low,0.540337730620365
LAMONI,s,high,0.5397479778431756
GEORGE,s,high,0.5390216472541001
GRANGER,s,low,0.5389714042246264
HUDSON,l,low,0.5389386629371816
BELLE PLAINE,s,high,0.5385959716064005
FARLEY,s,high,0.5381242838271497
SAINT ANSGAR,l,low,0.5378580671942553
IOWA FALLS,m,high,0.5370831112103621
MERRILL,m,low,0.5368009026961342
MARTENSDALE,s,high,0.5353725290984077
MOUNT VERNON,m,high,0.5350811583728249
DANVILLE,s,high,0.5350691345023374
MAYNARD,m,low,0.5339211875471666
GRAND MOUNDS,s,low,0.5318647684865602
EMMETSBURG,m,mid,0.5310668245047241
ROCKWELL,s,high,0.5310144998870195
TRURO,l,low,0.5293329666896951
JESUP,m,low,0.5284394867663791
DALLAS CENTER,m,low,0.5276492400040157
MANSON,s,high,0.5261741114377266
DUBUQUE,s,mid,0.5248835384102399
SHEFFIELD,s,low,0.5244918881501447
MOUNT VERNON,s,low,0.5240683652664565
GILBERTVILLE,s,high,0.5230572127715508
BURLINGTON,m,mid,0.5220326353044915
CEDAR RAPIDS,m,high,0.5218775159246382
WAPELLO,s,low,0.521154257063933
MISSOURI VALLEY,m,mid,0.5205664221430966
ELMA,m,low,0.5179218510094801
HARPERS FERRY,s,high,0.5172385883942204
ORANGE CITY,s,high,0.5165502286940252
WELLMAN,s,high,0.5154604476151589
FORT MADISON,s,high,0.5117328364764324
PLEASANT VALLEY,m,low,0.511070137958269
NASHUA,m,low,0.5107430462249468
PELLA,m,mid,0.5092399111714788
MIDDLETOWN,s,high,0.5076232624747923
HINTON,l,low,0.5072712617731692
POSTVILLE,s,high,0.5049567849685783
BUFFALO CENTER,m,low,0.5041058196827309
CORNING,m,mid,0.5037622252523098
SIGOURNEY,s,low,0.5015970432809067
STRAWBERRY POINT,s,low,0.5012050778052276
SWEA CITY,m,mid,0.5
MINDEN,s,mid,0.4983148376489929
KANAWHA,s,low,0.4976029943594011
GLENWOOD,s,high,0.496900254392022
LEON,s,high,0.4959270477876099
DYSART,s,low,0.4956522440519961
EAGLE GROVE,m,mid,0.4950192678227361
VINTON,s,high,0.49441087017041907
OSCEOLA,s,high,0.49331972920803474
COGGON,m,low,0.4904483278072139
ELDON,s,low,0.4898361693120792
LAKE VIEW,s,low,0.4897755271591395
MANNING,m,high,0.4897463722055438
INDIANOLA,m,mid,0.4890194262385143
SHUEYVILLE,m,low,0.48900463598147254
DONNELLSON,m,low,0.48897170500545367
LE MARS,m,high,0.4864306793557855
FARMINGTON,s,high,0.48619111054362213
RUTHVEN,s,low,0.4859530583214797
MAXWELL,m,low,0.4846551996509529
WEST LIBERTY,m,mid,0.4845034613556143
PACIFIC JUNCTION,s,high,0.4843309620482254
MARQUETTE,m,low,0.48366659046437865
ALGONA,s,mid,0.4832031278578686
JOHNSTON,m,high,0.4814067896795781
ALGONA,s,high,0.48063856702262825
FAIRFAX,s,high,0.48032768138097404
DELHI,l,low,0.4802641661625327
NEW HAMPTON,s,high,0.4798858912724027
GRANGER,s,high,0.4798444185656577
SIOUX CITY,s,mid,0.47934053706938373
OSCEOLA,m,mid,0.4784355402067945
MILFORD,m,high,0.47737448400259924
HUXLEY,s,high,0.4772221110138586
ROLAND,s,low,0.47659805338138267
NICHOLS,m,low,0.4760864019654081
CRESCENT,s,high,0.4757481295999659
NASHUA,l,low,0.47509025584966946
IOWA CITY,m,high,0.4715576621213025
ARMSTRONG,s,low,0.4714039354277017
POLK CITY,s,high,0.47121152841525626
MOUNT AYR,s,low,0.4703342478017667
ELDRIDGE,s,high,0.4690961108411404
SPENCER,m,mid,0.46876302120108665
SIOUX CENTER,m,mid,0.46728678472243484
ROCK RAPIDS,m,mid,0.46648297755372065
AFTON,s,high,0.4663410666861005
WHAT CHEER,s,low,0.464294176291851
MADRID,s,low,0.4637659898449404
KNOXVILLE,m,high,0.4635409512391906
HUMBOLDT,s,high,0.4631360060699225
MUSCATINE,s,mid,0.46308074105091257
WYOMING,s,low,0.46251598155825
AKRON,s,low,0.4609989052741486
ANKENY,m,mid,0.4599241508511922
GARNER,m,low,0.45811704350807414
CEDAR FALLS,s,high,0.45724485323343017
SPIRIT LAKE,m,high,0.45713632012615973
LARCHWOOD,s,low,0.45704132509683354
INDIANOLA,m,high,0.45632191226191465
LATIMER,m,low,0.456310517245529
KNOXVILLE,m,mid,0.4562206765350279
ALLERTON,l,low,0.4560282039361536
IDA GROVE,m,high,0.45600100222850354
MILFORD,m,mid,0.45503106557665207
WATERLOO,m,mid,0.4549118646835286
WHAT CHEER,s,high,0.4540230757381306
CUMMING,s,high,0.45393844999438615
HAMPTON,s,high,0.453592872902113
MARCUS,s,high,0.45351053324549917
OSCEOLA,s,low,0.4534223858042587
CEDAR RAPIDS,m,mid,0.4521994872008424
BURLINGTON,m,high,0.45214450536223943
FORT DODGE,m,high,0.45185286414369014
INDEPENDENCE,s,high,0.4514130857510641
CRESCO,s,high,0.4507541449495404
CEDAR RAPIDS,s,mid,0.4501254471582201
GILBERTVILLE,s,low,0.44974442368537576
RICEVILLE,m,low,0.44955912306917084
FLOYD,m,low,0.44908462229469986
RICEVILLE,s,low,0.4483804547094015
GEORGE,m,low,0.448321109864189
MARSHALLTOWN,m,high,0.4467478844991493
TAMA,s,low,0.4460791611756249
WEST DES MOINES,m,mid,0.44591472887179934
WATERLOO,m,high,0.4458748606222809
ALTOONA,s,high,0.44558134998805915
CRESTON,s,high,0.4451232176505859
NORTH LIBERTY,s,mid,0.4449159598071965
MARCUS,m,low,0.4443964868186123
HARPERS FERRY,l,low,0.44437763072938447
WAVERLY,m,mid,0.4434937004469239
DEWITT,s,high,0.4434040526221216
IOWA FALLS,m,mid,0.44315372052513125
DES MOINES,s,mid,0.44310890170435074
BONDURANT,s,high,0.44218978793916897
PEOSTA,s,high,0.44190174759448014
CLARENCE,m,low,0.4412552614267002
LIME SPRINGS,l,low,0.4407115553110981
MARSHALLTOWN,m,mid,0.4403402425672505
CLARKSVILLE,s,low,0.4402407282229504
CHARITON,m,high,0.439517850984619
PEOSTA,s,mid,0.43939393939393945
ELDRIDGE,s,mid,0.4393864770659144
WAUKEE,m,mid,0.438373414399555
GRAETTINGER,m,low,0.4375852486063349
MANLY,s,low,0.4374840898303957
ROLAND,m,low,0.437333037990344
LAURENS,s,low,0.4369423439158419
URBANDALE,s,low,0.4354868694508544
TIFFIN,m,low,0.4352742751052739
CORALVILLE,m,mid,0.43473767984033546
ALBURNETT,s,low,0.4347072511814591
MELCHER-DALLAS,m,low,0.4343226477383282
OXFORD,s,high,0.43379562331635074
LIVERMORE,l,low,0.43371723964935055
WHEATLAND,s,high,0.4335354328532779
NEW LONDON,l,low,0.4318323562139265
FORT DODGE,s,high,0.43180818972959606
ONAWA,s,high,0.43059712472658235
GUTTENBERG,m,low,0.4302327987689771
MARION,m,mid,0.42949721744175356
MAXWELL,s,low,0.4289664218024481
DALLAS CENTER,s,low,0.428764973907707
OXFORD,m,high,0.4286258524134252
CLINTON,s,mid,0.42799488857520745
FOREST CITY,m,low,0.42744252055748966
FAIRFIELD,m,mid,0.4273308656197196
WILTON,s,mid,0.42645161290322575
DELHI,s,low,0.42564953242869663
BOONE,s,high,0.4240392673101174
MUSCATINE,m,mid,0.42350112236699083
SHELDON,s,mid,0.4232270737186881
CENTER POINT,s,high,0.4224425919147034
LARCHWOOD,s,high,0.4217325533810803
WHITTEMORE,m,mid,0.42081555239449975
RAYMOND,s,low,0.420756535480257
IOWA CITY,l,high,0.4202226345083486
TRAER,m,mid,0.41988056163384396
ARNOLDS PARK,m,low,0.4198475791688794
SPIRIT LAKE,s,high,0.41933549809308684
WILLIAMSBURG,s,high,0.4184820174218793
DE SOTO,s,high,0.4166939368388418
STORM LAKE,m,mid,0.415866605257724
RAYMOND,s,high,0.41544509677215785
ONAWA,s,low,0.4132941976483504
SWISHER,l,low,0.41135043928834586
ATLANTIC,s,high,0.41123289779377714
CLARENCE,s,low,0.4111145092426906
HARPERS FERRY,m,low,0.41058956130076857
BANCROFT,m,low,0.4092114794466047
WALCOTT,s,low,0.40904295276177577
PLEASANTVILLE,s,high,0.4086109982205645
BOONE,m,mid,0.4084214294309592
DALLAS CENTER,l,low,0.4053800467347932
KNOXVILLE,s,high,0.40479894877535944
BANCROFT,s,high,0.4029824542069005
MAPLETON,s,mid,0.4029000517866389
EDGEWOOD,m,low,0.4027944846540796
OSCEOLA,s,mid,0.40274718154723343
GRIMES,s,high,0.4024115718924599
LA PORTE CITY,s,mid,0.4
WEST UNION,s,low,0.39978485959148674
WALCOTT,l,low,0.39952541918519563
PELLA,s,high,0.3992806839594105
KEOKUK,m,mid,0.3989547282343137
BELMOND,m,mid,0.3983407062370515
SCHLESWIG,m,low,0.396158556890723
WILTON,s,high,0.39605401643069366
ALDEN,s,low,0.39580513123520705
WASHINGTON,m,mid,0.39556074560620685
ROBINS,l,low,0.39527060904321454
ELDON,m,low,0.3951909675739581
HILLS,m,low,0.39508242307881464
STORM LAKE,m,high,0.39495102987801284
AMES,m,high,0.39479296077906595
DYERSVILLE,s,high,0.39429441229576695
SPRINGVILLE,s,low,0.39363585506667986
MORAVIA,m,low,0.39319996984679567
CLERMONT,m,low,0.3928429566732912
CENTERVILLE,m,mid,0.39238266715376097
CHARITON,m,mid,0.3923365986165192
POLK CITY,s,low,0.3917593529227769
CORALVILLE,s,high,0.39114120551935966
WALL LAKE,s,low,0.39105491942713816
CLEARLAKE,m,high,0.3907777777777778
CORALVILLE,m,high,0.3902050496660468
DOON,m,low,0.38981745605767354
GREENFIELD,m,mid,0.3895382838543717
OGDEN,s,high,0.3891702062046891
DUNLAP,s,high,0.38877066676484295
APLINGTON,l,low,0.38873312357059114
ATKINS,m,mid,0.3886815676206298
WINDSOR HEIGHTS,m,mid,0.388447049862656
KINGSLEY,s,low,0.3880536166974986
ALTA,s,low,0.3880069731941631
WATERLOO,s,mid,0.38674570601033914
OKOBOJI,s,high,0.38618248739207434
LECLAIRE,s,high,0.3855514525910755
MILFORD,s,high,0.3851255869386168
EMMETSBURG,s,high,0.3844494298991689
MELBOURNE,s,low,0.3843583532102895
SAC CITY,s,high,0.38423508163223596
TREYNOR,s,low,0.38423202940599027
MONTROSE,l,low,0.3840545438587994
ELK RUN HEIGHTS,m,low,0.3839070118380515
IDA GROVE,s,mid,0.3833837570341543
SHEFFIELD,s,high,0.3828386633900604
MELBOURNE,m,low,0.38210555549076836
EARLHAM,s,low,0.3803311532924292
ALLISON,s,low,0.3786326690175541
DUMONT,s,low,0.37827555041653627
WEBSTER CITY,m,mid,0.37774687345201197
MONROE,s,low,0.37763151696491276
LAKE VIEW,m,low,0.37760484609437744
TOLEDO,s,high,0.37672561238014585
DURANT,s,low,0.3766460814844941
NEWTON,s,high,0.3763865964230128
LOHRVILLE,s,low,0.37516604219910804
ELDRIDGE,m,low,0.3750042923561701
DAYTON,m,low,0.3747972831959676
INDIANOLA,s,high,0.3744999468231483
BRITT,s,low,0.37363800753430526
DUBUQUE,m,mid,0.3728735818549012
DAVENPORT,m,mid,0.37261493688368436
SPENCER,s,high,0.3715637835389116
ADAIR,s,low,0.37047163262179045
WELLMAN,s,low,0.37031448755901647
ALBIA,m,high,0.3702948741585672
WELLSBURG,s,low,0.36916769185979703
SOLON,s,high,0.368988828035498
APLINGTON,s,low,0.36885850043759477
SLOAN,s,mid,0.36870818155984403
ORANGE CITY,s,low,0.3682344138013409
SIBLEY,s,high,0.36686557464063885
SUTHERLAND,s,high,0.3662283919020471
MONONA,s,low,0.36574020198877794
DOWS,s,high,0.3656304070815109
ADAIR,s,mid,0.3655463889858896
AMANA,s,low,0.3647039551174142
CENTERVILLE,s,high,0.3641221415017866
CHARITON,s,low,0.3634917482093452
CLINTON,s,high,0.3630452443752111
HARTLEY,s,high,0.3628387610236528
NORTHWOOD,s,high,0.3625137278736125
DAVENPORT,s,mid,0.3618797119707175
CHARLES CITY,s,high,0.361244789651755
MARION,s,high,0.360300112230941
ANKENY,m,high,0.36004330671913515
SANBORN,s,high,0.35981733951300304
STANTON,s,high,0.359620172364479
GRISWOLD,s,mid,0.3584931506849314
NEVADA,s,high,0.35819944173290325
WASHINGTON,s,high,0.35755704651095427
FORT MADISON,m,high,0.35753106181731037
TIPTON,s,high,0.35753106116006794
OTTUMWA,m,mid,0.3574164824174544
DES MOINES,m,high,0.35712887211818267
OTTUMWA,s,high,0.3569702662152617
NEW HAMPTON,m,mid,0.3563294797687861
ST LUCAS,m,low,0.3559189012567852
POCAHONTAS,s,high,0.3557505520942077
FLOYD,s,low,0.35500616170797655
MONROE,l,low,0.3537798080548415
MARTELLE,s,high,0.35374688870451626
ALLISON,s,high,0.3535637749997595
OELWEIN,s,high,0.35355501733881617
SULLY,m,low,0.3534203726158789
HAMPTON,m,low,0.3522625184883474
LAMONT,s,high,0.3521261112370437
DOON,s,low,0.3516295025728989
SHELLSBURG,s,low,0.351420664624972
LOVILIA,l,low,0.3513028785328977
BEDFORD,s,low,0.3501300007409915
ALTA,m,low,0.34937364325393294
EAGLE GROVE,s,high,0.3491422207650192
HUDSON,m,low,0.3486122424958436
MONTEZUMA,m,mid,0.3485248741890688
JEWELL,m,low,0.34810063638905064
DOWS,s,low,0.34800453544800686
GRUNDY CENTER,s,high,0.34654592444286597
EARLHAM,s,high,0.3465262984057069
RAYMOND,m,low,0.3464306737778668
WEST BRANCH,s,low,0.3450368632254528
OTHO,m,low,0.3449443395176246
HILLS,s,low,0.34459264780429044
DONNELLSON,s,low,0.34448493291293397
CLARION,s,high,0.3441368594176905
SPIRIT LAKE,m,mid,0.3441097948923266
CRESCENT,m,low,0.3437756905071867
AMES,s,high,0.34366141259531896
WAUKEE,s,low,0.34360255303293497
SANBORN,m,low,0.34256363854461686
ROCK VALLEY,s,high,0.3424389090477229
APLINGTON,s,high,0.3423424225566871
URBANA,s,low,0.34181452907575643
PRAIRIE CITY,s,low,0.3416607043421939
URBANDALE,s,high,0.3416475860024953
LENOX,s,high,0.3414398926373827
EARLHAM,m,low,0.3408236183668893
CORALVILLE,s,low,0.3397359820919157
OSKALOOSA,s,high,0.33773233652116036
SAC CITY,s,low,0.3374873750817446
MAPLETON,s,high,0.33724357714283465
MOUNT PLEASANT,m,mid,0.33501239528005805
MARQUETTE,l,low,0.3340124342991104
KEOSAUQUA,m,mid,0.3338784057657423
WEST LIBERTY,s,high,0.3332270277250609
WEST UNION,m,mid,0.33208923293455306
MOUNT AYR,m,low,0.33058596324569567
CARROLL,s,high,0.3302315144350848
HUDSON,s,low,0.3295628891414572
GOLDFIELD,l,low,0.32767932874372346
WATERLOO,s,high,0.327652438234407
LE MARS,s,high,0.32654796621993126
FREMONT,m,low,0.32518902886351775
DYERSVILLE,s,low,0.3243989681954382
ARNOLDS PARK,s,high,0.32333198603644603
WESLEY,m,low,0.323305199345095
HAWARDEN,m,low,0.32241410826259465
BLUE GRASS,s,low,0.3224014838336288
MINDEN,m,low,0.32237051467239486
BOONE,m,high,0.3219141685262506
ALDEN,m,mid,0.3212686922564054
HUMESTON,s,low,0.3208658388372012
CORRECTIONVILLE,s,low,0.3204086322009805
MECHANICSVILLE,l,low,0.32029475659943524
NEWTON,s,low,0.3202566850310173
ALBION,m,low,0.31703512000817646
WALCOTT,m,low,0.31665516514555103
CONRAD,s,low,0.31633738727758376
FAIRFAX,l,low,0.3155475155485697
CLEAR LAKE,s,high,0.3150616892377365
RUTHVEN,s,high,0.31439686489888163
GUTHRIE CENTER,s,low,0.3129421859621511
PLEASANT VALLEY,s,high,0.31154684095860546
WAVERLY,s,high,0.31116071728707256
CARROLL,m,mid,0.31047945843330776
NORWAY,s,mid,0.3096
BRITT,s,mid,0.3096
FREDERICKSBURG,m,low,0.3094464244079398
MONTROSE,s,high,0.3079850902310539
GRIMES,m,low,0.3074946651377922
BONDURANT,m,low,0.30737137983417706
EVANSDALE,m,low,0.3072613644245781
VAN METER,s,low,0.30706942367255796
RED OAK,s,low,0.3069619351757711
VINTON,m,low,0.3068646503841132
FREDERICKSBURG,s,low,0.306693014345228
DEWITT,s,low,0.30656336604167733
ESTHERVILLE,s,mid,0.30614404570616344
SCRANTON,s,low,0.3058253931941732
DELAWARE,l,low,0.305522708126252
BLAIRSTOWN,m,low,0.30545441873005225
COLFAX,s,low,0.30484626144441296
MILFORD,m,low,0.30433751124302194
PACIFIC JUNCTION,s,low,0.30428064873757404
REDFIELD,m,low,0.30410462532408733
FORT DODGE,m,mid,0.3036101688480774
ANAMOSA,s,high,0.3031171435701779
LOVILIA,s,low,0.3026647933711144
ATLANTIC,m,mid,0.3024708479665146
SIOUX CITY,m,mid,0.3018687631648462
AMES,m,mid,0.30109124392018816
PEOSTA,s,low,0.29999050421876333
SCRANTON,s,high,0.29987037274088474
SHELDON,s,high,0.29876748609713427
WINDSOR HEIGHTS,s,high,0.2987142075868032
CLIVE,s,mid,0.29866919469791314
MITCHELLVILLE,l,low,0.2976080547694197
MISSOURI VALLEY,s,high,0.29746097017222517
EDGEWOOD,s,low,0.2968081801439158
NEOLA,s,high,0.2951293466892077
HUMBOLDT,m,mid,0.2950121617384433
SLOAN,s,high,0.29429212245456204
GLENWOOD,m,low,0.2942174735122865
CRESTON,s,low,0.2940497455479052
ESTHERVILLE,s,high,0.2922637930806297
WAUKON,s,high,0.29166423445445794
TRURO,s,high,0.29141968589712036
ANKENY,s,high,0.29123183029246463
FAIRFIELD,s,high,0.29042574100480467
DES MOINES,m,mid,0.2899092083049685
ARMSTRONG,m,low,0.28959055724650623
ROBINS,s,low,0.288610152755276
ST LUCAS,l,low,0.28755439857148724
ROCK RAPIDS,s,high,0.2872984268051459
BLUE GRASS,l,low,0.2872231441012221
OKOBOJI,l,low,0.28683193761952286
STANTON,m,low,0.28639581398588815
LOVILIA,m,low,0.28615858896886054
CHEROKEE,s,high,0.28589221721988267
ARLINGTON,m,low,0.2858208138614946
MONTROSE,m,low,0.2851763559737572
WINFIELD,s,low,0.2846262843839157
PRAIRIE CITY,m,low,0.2837080636906922
IOWA CITY,s,mid,0.28344063386210233
HOLSTEIN,m,low,0.2828846400206761
REDFIELD,s,low,0.2826325131586355
DUBUQUE,m,high,0.28250855021114124
LAKE PARK,l,low,0.2819001776140974
ADAIR,s,high,0.2812839365878967
FONTANELLE,s,high,0.2810002988940917
WAUKEE,s,high,0.2809425633142108
BONDURANT,s,low,0.2807797355377391
CAMANCHE,m,low,0.28049322525686005
ST CHARLES,m,low,0.2803597677481331
CORRECTIONVILLE,l,low,0.280149012256766
TRURO,s,low,0.2799253136625083
MALVERN,s,low,0.27916473667733477
IOWA FALLS,s,low,0.27894232297951066
MINDEN,s,high,0.27875671604009233
ROLFE,s,high,0.27842500036270285
POLK CITY,m,low,0.27790174658214467
TIFFIN,s,high,0.277091313982434
CLEAR LAKE,m,high,0.27681548313105936
BELMOND,s,high,0.276666753412852
SPENCER,s,low,0.27625017396333834
SHELBY,m,low,0.27623173543693874
HARLAN,s,high,0.2758829587678792
GRINNELL,s,low,0.2749757053964603
CORNING,s,low,0.27332629784821866
HAZLETON,l,low,0.27302086808319453
GEORGE,s,low,0.2727587788372766
WALFORD,m,mid,0.27231656706507296
ELY,s,low,0.27217508776885424
REDFIELD,l,low,0.2716183427184185
DAVENPORT,m,high,0.27117938980343553
SHUEYVILLE,s,high,0.2709425621758871
MONROE,m,low,0.2706227932274898
KEOKUK,s,high,0.269999160100249
VAN HORNE,l,low,0.2699581472781594
IOWA FALLS,s,high,0.26991776537847595
WEST BRANCH,m,low,0.2698590808033739
BUFFALO,s,low,0.2698223588846593
OSKALOOSA,s,low,0.26976131904223916
CORYDON,s,high,0.2685602816043271
ADEL,s,low,0.2684602019744019
REMSEN,m,mid,0.26801120280070023
OELWEIN,s,low,0.2676512393880263
HARPERS FERRY,m,mid,0.2675213563744047
WILLIAMSBURG,s,low,0.2674688968038066
DELMAR,m,low,0.2674295173742467
PALO,m,low,0.2673989759136824
DEXTER,m,low,0.2673184393335564
LATIMER,s,low,0.26725613246557195
GLIDDEN,m,low,0.2662434234971078
ANAMOSA,m,mid,0.26588756528067387
ELDORA,s,low,0.2652511486640884
PLEASANT HILL,s,high,0.26513752540814806
GOWRIE,m,low,0.26487380764690427
HUMESTON,m,low,0.2639737606633769
LAWLER,s,high,0.26393809814508695
LISBON,s,low,0.2634720073490227
CLIVE,s,high,0.2634010968939226
INWOOD,s,high,0.26267225472334227
ROBINS,m,low,0.262453156870229
COUNCIL BLUFFS,m,high,0.2621587838564377
NORWAY,l,low,0.26211871854111907
SHELDON,m,mid,0.2619410308220698
VICTOR,m,low,0.26175422857148517
NORA SPRINGS,s,high,0.2615207199623241
TRAER,s,high,0.26148130611566545
HOLY CROSS,m,low,0.2606554221938357
GRANGER,m,low,0.2605521448940538
SLATER,s,high,0.2589415184195132
CEDAR FALLS,s,low,0.25870536264166955
TABOR,m,low,0.2586811952279023
POLK CITY,l,low,0.25828576688101396
POSTVILLE,l,low,0.2581228134801628
MONTEZUMA,s,low,0.25811516443504645
STRAWBERRY POINT,m,low,0.258043182042004
CLINTON,s,low,0.25794753062096654
BELLEVUE,m,low,0.25793931062853354
LOST NATION,m,low,0.25767286461532307
OXFORD,s,low,0.2570098565094406
TREYNOR,s,high,0.2569506428058861
PACIFIC JUNCTION,m,low,0.2561855051135575
NEW VIRGINIA,s,high,0.255612900772567
PANORA,s,high,0.2550893874218696
HUXLEY,m,low,0.2542665889938874
CLEAR LAKE,s,low,0.25420186138531836
OXFORD,m,low,0.2537357369023745
FLOYD,l,low,0.25325727298414524
OELWEIN,m,low,0.2531873451198777
RIVERSIDE,m,mid,0.2531835957084127
CLARKSVILLE,m,low,0.25308993469410185
AFTON,m,low,0.2530556570633264
WEST DES MOINES,s,high,0.25267995153211714
PAULLINA,m,low,0.25266839343688147
RIVERSIDE,s,low,0.2520575168081194
OSCEOLA,m,low,0.2518573070451419
RUNNELLS,m,low,0.25144787221723297
WALFORD,s,high,0.2510328206848007
COLFAX,m,low,0.2509758554251516
MOUNT PLEASANT,s,high,0.250888338419046
OAKLAND,m,low,0.2508545402267606
NORWALK,s,low,0.2506782994613633
ZWINGLE,m,low,0.25063008920081575
MARTELLE,l,low,0.2506049554243373
GREENE,s,low,0.25025904320126124
KEOSAUQUA,s,high,0.25024157599250557
WINFIELD,m,low,0.25010128282603483
SIGOURNEY,m,low,0.24962994278947578
SHUEYVILLE,s,low,0.24937981735618542
COLO,m,low,0.24924750159462558
CRESCENT,s,low,0.24914954218904065
WHEATLAND,l,low,0.24904209440162584
CENTRAL CITY,m,mid,0.2488229228844796
HARTLEY,s,low,0.24859091553723953
REINBECK,m,low,0.24804963657430346
RUNNELLS,s,low,0.24616491851793343
WAUKON,m,low,0.2457439880712591
IOWA CITY,m,mid,0.24547010880663456
GRAND MOUNDS,m,mid,0.24514135030509257
LARCHWOOD,m,low,0.2436570254332944
SAC CITY,m,low,0.24314410979202591
FOREST CITY,m,mid,0.24302492510647297
MURRAY,s,high,0.2418495563951268
CORNING,m,low,0.2417940211363059
WINTERSET,s,high,0.24174090709437768
DUBUQUE,s,high,0.2414293232075068
BANCROFT,s,low,0.24106804135265528
POSTVILLE,m,low,0.24031769612033718
MARQUETTE,s,low,0.24030956851778842
HOLSTEIN,s,low,0.24024873370791774
SHELBY,l,low,0.24023990932560937
FARMINGTON,l,low,0.23968057660654477
MECHANICSVILLE,s,low,0.23885463036301854
WINTHROP,s,mid,0.23839999999999995
VAN METER,m,low,0.237939936423191
CARLISLE,s,low,0.2377754718313357
SULLY,l,low,0.23634519445085433
EVANSDALE,l,low,0.23633459243285368
SHELDON,s,low,0.23622209052744383
STORY CITY,s,high,0.23480950410830947
SPRINGVILLE,m,low,0.23457676288664628
MAYNARD,s,high,0.2341611300259406
SIOUX RAPIDS,s,low,0.2333957511570733
ANKENY,s,low,0.23294237362759365
NORWAY,m,low,0.23268040528327213
PLEASANT HILL,s,low,0.2320964605731601
BELLE PLAINE,m,low,0.23188218562659976
DELAWARE,s,high,0.23176605416666388
ACKLEY,m,low,0.23088682795544824
FREMONT,l,low,0.2306891975917208
BETTENDORF,m,high,0.23037491157529655
AUDUBON,m,low,0.23024290530201688
ALDEN,m,low,0.23015202979082675
SHEFFIELD,m,low,0.22993410525764535
DECORAH,m,low,0.2295202499412787
COUNCIL BLUFFS,s,high,0.2289764195359998
SERGEANT BLUFF,s,low,0.2273533299702685
JOHNSTON,s,high,0.22725372992838314
LOST NATION,s,high,0.22715952866999914
ROCK RAPIDS,m,low,0.22687828146484956
NORA SPRINGS,s,low,0.22673589901244462
ELKADER,m,low,0.2264163987435379
GRAND MOUNDS,l,low,0.22589477228030666
IOWA CITY,s,high,0.22586003087402876
MADRID,l,low,0.22548735430481381
EARLY,l,low,0.2245495839931317
VINTON,l,low,0.22420408624038735
MUSCATINE,s,high,0.22419789984368507
MARION,s,low,0.22355704342944635
GRISWOLD,s,low,0.22307507826888173
MEDIAPOLIS,s,high,0.2225460857519884
MERRILL,l,low,0.22230727913213733
NORTH ENGLISH,s,low,0.22189381378369843
STATE CENTER,m,low,0.2213108036133723
EMMETSBURG,m,low,0.22104029589689422
CEDAR RAPIDS,s,high,0.2208391045407677
RUNNELLS,s,high,0.22082367056442273
NEW SHARON,m,low,0.2207147048128625
EDGEWOOD,s,high,0.22055583357030076
WALNUT,s,low,0.22000442932504202
SAGEVILLE,m,low,0.21977582028611942
ODEBOLT,l,low,0.2191715606213302
KINGSLEY,m,low,0.21901295757412442
ALTOONA,s,low,0.21884726199771368
LENOX,m,low,0.21876761050109295
DAVENPORT,s,high,0.21862715536416913
COUNCIL BLUFFS,m,low,0.21795061292408013
MASON CITY,s,high,0.21793799302983283
MEDIAPOLIS,m,low,0.2171648998504496
WINDSOR HEIGHTS,m,high,0.2166283559902796
FORT DODGE,s,mid,0.2159905411590586
WAVERLY,s,low,0.21592682540869879
DUBUQUE,s,low,0.215567086172152
ESTHERVILLE,s,low,0.2150737934207515
GLIDDEN,s,low,0.2150174353776478
FAIRFAX,s,low,0.21466330571980138
ROCK RAPIDS,s,low,0.2139119108323407
LEON,s,low,0.2137519347413811
GRISWOLD,m,low,0.213636872885779
ALBURNETT,l,low,0.2134779183351079
JEWELL,s,low,0.21287126418947022
BLUE GRASS,m,low,0.2114079458770927
CARLISLE,m,low,0.21093108501648183
DUNLAP,m,low,0.2105965068795268
INWOOD,s,low,0.21044018272176715
HUMBOLDT,s,low,0.20994898959653843
MARTENSDALE,l,low,0.20968851337742167
BURLINGTON,s,high,0.2093366113442876
KELLOGG,s,high,0.20920609961705203
CHARLES CITY,m,high,0.2089859878277821
MOUNT VERNON,m,low,0.2089268000673954
WEST DES MOINES,s,low,0.20846218767336114
NORTH ENGLISH,l,low,0.20802703102667075
SIOUX CITY,m,high,0.2074550002096767
ROCKFORD,m,low,0.2072813938595767
GARNER,l,low,0.2072040046400289
GUTHRIE CENTER,m,low,0.20680628646630891
SWEA CITY,m,low,0.2059790150094536
LIME SPRINGS,s,high,0.2059016989951574
GRIMES,s,low,0.20530425479415748
WOODWARD,s,low,0.20506809009023644
LAKE PARK,s,low,0.20496433870011418
NORWALK,m,low,0.2049428823083501
HAZLETON,s,high,0.20433709232505604
MAQUOKETA,m,low,0.20388103804627677
CENTRAL CITY,s,low,0.20381175950814767
DYERSVILLE,m,low,0.20295791922432516
COUNCIL BLUFFS,m,mid,0.20269463581758193
GREENE,m,low,0.20264224623387084
MARENGO,m,low,0.20238668184856012
CLEAR LAKE,m,mid,0.20181934723321251
ONAWA,m,low,0.20172381234233752
INDIANOLA,s,low,0.20161249038639237
DURANT,m,low,0.2011830551303283
SANBORN,s,low,0.20104036444720352
RIVERSIDE,m,high,0.20057463328989936
NEWTON,m,low,0.20053216997030665
GOLDFIELD,m,low,0.19978009179473674
RED OAK,m,low,0.19959746931038017
ADEL,m,low,0.1995848329883335
STUART,s,low,0.1994706457444979
LANSING,s,low,0.19934506049526587
KEOSAUQUA,s,low,0.19927197497728064
WASHINGTON,s,low,0.19866438905138836
FREMONT,s,low,0.19823639227737952
TIFFIN,s,low,0.19770496001212168
JEFFERSON,s,low,0.19746528280544676
CRESCO,m,low,0.19732904602560022
MITCHELLVILLE,m,low,0.19731926258396512
TAMA,m,low,0.19603987589393176
CENTRAL CITY,s,high,0.1958705535115266
MISSOURI VALLEY,m,low,0.19578372340602657
NORTHWOOD,s,low,0.1946934627793019
LAWLER,s,low,0.19423948673448307
WALCOTT,s,high,0.19335545068552323
TABOR,s,low,0.19323922134250515
SWISHER,m,mid,0.19311860943421716
FONDA,m,low,0.1921896822619956
MONTROSE,s,low,0.1916618833371766
MERRILL,s,low,0.19132435720056917
OSAGE,s,high,0.19107505650000345
NORTHWOOD,m,low,0.18962071952646267
HAMBURG,s,low,0.18905391674036823
PERRY,m,low,0.18904186161950634
SLATER,s,low,0.1887810791259338
ESTHERVILLE,m,mid,0.18861211159038094
OKOBOJI,s,low,0.18844646873485915
SLOAN,m,low,0.18797130380814334
ROCKWELL CITY,s,low,0.1877867497030984
CLEARLAKE,s,high,0.18740413163240346
CENTRAL CITY,l,low,0.18734181015794585
PEOSTA,l,low,0.186785589006927
TIPTON,m,low,0.1864586574856938
DYERSVILLE,s,mid,0.1862241515832654
MARSHALLTOWN,l,high,0.18563894282632162
DOWS,m,low,0.1856028213176688
KEOSAUQUA,m,high,0.18533786704285715
RIVERSIDE,s,high,0.1843215197406951
POCAHONTAS,m,low,0.1838166762619546
WEST DES MOINES,m,low,0.18377011772135887
WINDSOR HEIGHTS,s,low,0.18345046998022493
AKRON,l,low,0.18341634889031444
DECORAH,s,low,0.18296497876954373
BRITT,m,low,0.18293399248302478
NORTH ENGLISH,m,low,0.1826752799147804
EAGLE GROVE,s,low,0.18204617400075748
WINTHROP,m,low,0.1820399336792166
HIAWATHA,s,high,0.1813036317917028
AKRON,m,low,0.18099722444226388
LAMONI,m,low,0.18087738578457876
OTHO,s,low,0.18051168254651614
WEBSTER CITY,s,high,0.18013968507595843
KEOKUK,m,high,0.17979646303096852
CARTER LAKE,m,low,0.17978423493440965
ELKADER,s,low,0.1794723631497193
NEOLA,m,low,0.17866547525552423
MARCUS,l,low,0.17799584122682147
STATE CENTER,s,low,0.17795408416089234
CARROLL,s,low,0.17759454019020712
INDIANOLA,m,low,0.17707111295215108
TRIPOLI,m,low,0.17704999419329837
MELBOURNE,l,low,0.1761163883444954
MARENGO,s,low,0.17604604098795726
GRIMES,l,low,0.17530979082520456
SERGEANT BLUFF,m,low,0.1752895594657662
JOHNSTON,m,mid,0.17504200370631853
MOUNT AYR,l,low,0.17481407989427666
BOONE,s,low,0.17469352320621181
COLUMBUS JUNCTION,m,low,0.17459057789039387
CRESCO,s,low,0.1743880984365539
CHARLES CITY,s,low,0.1743066738232287
EXIRA,l,low,0.17430644706863543
FAIRFIELD,s,low,0.17428154695709078
ROCK VALLEY,m,low,0.17401618474542688
PLEASANTVILLE,s,low,0.17295119507935783
SIBLEY,m,low,0.17202019859253612
FLOYD,s,high,0.17200187820934287
NORWALK,s,high,0.17119202806784364
ANTHON,m,low,0.17101024125759634
STRATFORD,m,low,0.17059395348287176
SOLON,m,low,0.16986293061240176
FARLEY,s,low,0.16907933333599845
MONTICELLO,s,high,0.16906828319207964
ADAIR,m,low,0.16905946403347527
DE SOTO,m,low,0.16852584701012305
GEORGE,l,low,0.16845420144317216
WASHBURN,m,low,0.16833888394869065
HUMESTON,l,low,0.1672501988939291
NEVADA,l,low,0.16724468231242798
TAMA,l,low,0.1671654219255999
PELLA,m,low,0.1667005685135551
ELMA,s,low,0.16666666666666666
AVOCA,m,low,0.1664283701255078
CLIVE,m,low,0.1664226159600363
PELLA,s,low,0.1660417595207522
NORWAY,s,high,0.16559499230999278
COON RAPIDS,m,low,0.16548949632506804
IDA GROVE,s,low,0.16544216042293344
CLARINDA,s,low,0.165285069245384
NEVADA,m,low,0.16484195021070622
KEOTA,l,low,0.1643950450974151
MIDDLETOWN,s,low,0.1639974932402642
BONDURANT,l,low,0.16387217705871815
WOODBINE,l,low,0.16339494582679925
ROCKWELL,s,mid,0.1625
SLOAN,s,low,0.16191076981013253
NORWALK,l,low,0.1618830343758063
CENTER POINT,m,low,0.16174001483522255
GILBERTVILLE,m,low,0.1616407805839062
SPIRIT LAKE,m,low,0.16084387895978106
SIOUX CITY,s,high,0.16048883917675702
OSKALOOSA,m,low,0.16045241343029223
MINDEN,s,low,0.16039484359207978
GILMORE CITY,s,low,0.160244367690498
OTTUMWA,s,low,0.15986012161575036
PRINCETON,s,low,0.15973518512683696
NEVADA,s,low,0.15936754529437255
STUART,m,low,0.1591856587305176
MAQUOKETA,s,mid,0.15901964749354155
SHELDON,m,low,0.15860446330863423
GREENFIELD,s,high,0.15838776364493487
FAIRFAX,m,low,0.15838692363640558
FOREST CITY,s,high,0.15834068375316177
SUMNER,m,low,0.15828744374557258
STORM LAKE,s,mid,0.15827955228388949
ELDRIDGE,s,low,0.15768960186878625
PAULLINA,s,low,0.1576671784785507
AMES,m,low,0.15752681051666592
CENTERVILLE,s,low,0.15743275617603414
ATKINS,m,low,0.1568063504953632
WEST BURLINGTON,s,high,0.15667764280147933
MARSHALLTOWN,m,low,0.15599141794918958
DAKOTA CITY,l,low,0.15576728769237771
RED OAK,l,low,0.15549575936159624
HIAWATHA,m,low,0.15519212889773748
MAPLETON,s,low,0.1547480608450841
ATLANTIC,s,low,0.15458755533010554
ZWINGLE,l,low,0.15421443136831192
MAPLETON,m,low,0.1541997107203423
EXIRA,m,low,0.15393755697991668
BETTENDORF,m,mid,0.15372435551013336
CLEAR LAKE,m,low,0.1529308400099824
KEOKUK,m,low,0.15258895002862513
NORWAY,s,low,0.15221515613617562
KEOKUK,s,low,0.15211048108054995
NEW HAMPTON,m,low,0.15209474014835164
RUDD,l,low,0.15178561632701454
WOODWARD,l,low,0.15133606855529322
BELLEVUE,s,high,0.15069596032165014
MANLY,l,low,0.15049001393210656
GRINNELL,m,low,0.1504633035140798
LECLAIRE,m,low,0.15041404510585968
TRIPOLI,s,low,0.1501054410243613
ELKADER,l,low,0.1498454953441421
GARWIN,s,high,0.14981056074020896
STORM LAKE,s,low,0.14977446248984075
JOHNSTON,s,low,0.14909412212978154
DELAWARE,s,low,0.14842725991869551
AUDUBON,s,low,0.14842621785751134
DELMAR,l,low,0.14839157303046605
LEON,l,low,0.1483427576349302
MARSHALLTOWN,s,mid,0.14799653940381804
KELLOGG,m,low,0.1479875327272883
CORALVILLE,m,low,0.14772614372482898
REMSEN,m,low,0.14737319993295908
MANLY,m,low,0.14715604308085287
GILMORE CITY,m,low,0.1468116052971906
AMES,s,low,0.1459984658015079
GLIDDEN,l,low,0.1459899789584916
DURANT,s,high,0.14598789897244294
STORM LAKE,s,high,0.1454458150968938
PEOSTA,m,low,0.14537512419862325
ALTA,l,low,0.14536683729913946
ANKENY,m,low,0.14504252157817377
GREENFIELD,s,low,0.1450355032986082
DYSART,m,low,0.1450335109490861
BOONE,m,low,0.14438074100191617
WEST BURLINGTON,s,low,0.14435592968266003
ANAMOSA,s,low,0.14434017624993675
AMANA,m,low,0.14388911061337928
AUDUBON,l,low,0.14359492227042292
CLIVE,s,low,0.14339687558508327
MECHANICSVILLE,m,low,0.14335467290474138
IOWA CITY,s,low,0.14303348805852334
BETTENDORF,s,high,0.14283973103480876
BELMOND,s,low,0.1426956972530278
TIPTON,l,low,0.14224880956954097
ALBIA,s,low,0.14138764048639654
OXFORD,l,low,0.1412052270298866
WATERLOO,s,low,0.14107753272270834
FAIRFIELD,l,low,0.14098292743581592
GOWRIE,l,low,0.14082199979963012
CEDAR FALLS,m,low,0.14046582233990915
NEW HAMPTON,l,low,0.14024530917549463
SIOUX RAPIDS,l,low,0.14009800849664852
ADEL,l,low,0.14001328202465876
WINDSOR HEIGHTS,m,low,0.13950994378419249
ALBIA,m,low,0.13908480624672656
BELLEVUE,s,low,0.13906383774712594
OKOBOJI,m,low,0.13899780205510825
MONONA,m,low,0.13886114783537548
NORTHWOOD,l,low,0.13879466485007944
NORTH LIBERTY,s,high,0.13871766014270304
KNOXVILLE,s,low,0.13855703655364784
GARWIN,m,low,0.13843714740923493
LAKE MILLS,m,low,0.13799997605386258
GLENWOOD,l,low,0.1376659842037106
CRESCO,l,low,0.13754783840295914
FAIRBANK,m,low,0.13744768581883895
WEBSTER CITY,s,low,0.13744566738624595
LE MARS,m,low,0.13726387892044425
KNOXVILLE,m,low,0.13726025414176876
DELHI,m,low,0.13705139722002826
FORT DODGE,s,low,0.13704115535172046
CAMANCHE,s,low,0.1358603604533888
SHELLSBURG,m,low,0.1357174258063182
CENTRAL CITY,m,low,0.13556092810061238
DENISON,s,low,0.13508403251221032
INDEPENDENCE,m,low,0.13499563111205642
HUXLEY,l,low,0.1349290940514518
SOLON,s,low,0.1348969710621392
SHENANDOAH,s,low,0.13486224123200186
CRESCENT,l,low,0.13479806594114604
GLENWOOD,s,low,0.134742852591999
AVOCA,l,low,0.13448027298525192
MARSHALLTOWN,s,high,0.1344106214001446
SUTHERLAND,l,low,0.13423097497797842
ELDRIDGE,l,low,0.13331918726547026
LECLAIRE,s,low,0.13323870717370517
APLINGTON,m,low,0.13312406838243923
GARWIN,s,low,0.13262078779431638
CHARITON,s,high,0.1325971850115529
IDA GROVE,m,low,0.13242785936372323
HUXLEY,s,mid,0.13173628035021215
DES MOINES,m,low,0.1315789589355847
TREYNOR,m,low,0.13141985102553755
CASCADE,m,low,0.13141042342462453
CLARINDA,m,low,0.13135591572325953
DES MOINES,s,high,0.13130050248125055
LA PORTE CITY,s,low,0.1309821469576942
WEST DES MOINES,l,low,0.13053541325236942
FAYETTE,s,low,0.13027065528889747
LAKE CITY,s,low,0.13009328187953048
SIOUX CITY,s,low,0.1300756680038314
NEOLA,s,low,0.12999616059777858
SUMNER,s,low,0.12981783587534315
PALO,s,high,0.12895470018692268
EAGLE GROVE,m,low,0.12888144848379615
ANAMOSA,m,low,0.12884371179861343
CALMAR,m,mid,0.12878643551152597
DAYTON,s,low,0.12876938939402713
FORT MADISON,m,low,0.12843826410778172
CHARITON,l,low,0.127975613343921
SHUEYVILLE,l,low,0.12789725201630234
CLEARLAKE,m,mid,0.12770420979343455
STANTON,s,low,0.12767137614491794
SPENCER,m,low,0.12765327295458326
ROCKWELL CITY,m,low,0.12763120539971917
DUMONT,s,high,0.12744981982526904
WELLSBURG,m,low,0.12744177714425545
LAMONI,l,low,0.1273115077103526
ALGONA,m,low,0.12729708391304792
WEST LIBERTY,m,low,0.12682536803436548
SPRINGVILLE,l,low,0.1266060260682391
CORYDON,m,low,0.1265433321910632
PLEASANT HILL,m,low,0.12627660232951188
WILTON,s,low,0.1260639261668216
ELY,s,high,0.1256649917953864
MARTENSDALE,s,low,0.12541723781779046
WAUKEE,m,low,0.125229275599232
ROCK VALLEY,s,low,0.12498968491568237
JEFFERSON,s,high,0.12485238744747695
INWOOD,m,low,0.12473205341051245
COUNCIL BLUFFS,s,low,0.1246473892123302
HIAWATHA,s,low,0.12402097511803191
DES MOINES,l,mid,0.12399999999999996
GREENFIELD,m,low,0.12378212435297807
PANORA,m,low,0.12375679040982374
CORYDON,s,low,0.12364981157320441
ALGONA,s,low,0.1230462763063197
DECORAH,l,low,0.1227354991130568
PLEASANTVILLE,l,low,0.12239948741325966
ALTOONA,m,low,0.12227375876127085
TRURO,s,mid,0.12222222222222223
LAKE PARK,m,low,0.12214288904876641
SERGEANT BLUFF,s,high,0.12195848839090462
DES MOINES,l,high,0.12182512391037999
IOWA FALLS,m,low,0.12164108601454644
HIAWATHA,l,low,0.12163672451153136
SEYMOUR,m,low,0.12154112793824685
DELAWARE,m,low,0.12136947269029756
TOLEDO,m,low,0.1210286911094936
DENISON,m,low,0.12097699972501534
FAIRFIELD,m,low,0.12020592595763598
WINTERSET,m,low,0.12006004966926916
SIOUX CITY,m,low,0.11959480194999826
BUFFALO CENTER,l,low,0.11936105571111517
CHARLES CITY,m,low,0.11848640899619
MUSCATINE,s,low,0.11841860053595811
MADRID,m,low,0.11797704909228755
CRESTON,m,low,0.11762900007370138
BURLINGTON,s,mid,0.11704668243296427
MONTEZUMA,m,low,0.11677664636981465
MILFORD,s,low,0.11630939629287766
SIOUX RAPIDS,m,low,0.11630135415246738
STORM LAKE,m,low,0.1162927184794718
WAUKON,s,low,0.1159327423362179
REMSEN,l,low,0.11496982266247761
URBANDALE,l,low,0.11491167899838654
BELLE PLAINE,s,low,0.11481786505463902
LARCHWOOD,l,low,0.11479934089829423
LENOX,l,low,0.11479010697831904
FORT DODGE,m,low,0.11456461099230508
ATKINS,s,low,0.114561014125129
CEDAR RAPIDS,m,low,0.11449633346172676
WALKER,l,low,0.11446977834125244
PACIFIC JUNCTION,l,low,0.1144164729157584
DAVENPORT,m,low,0.11394042826786205
GRUNDY CENTER,m,low,0.11389929126071623
MARSHALLTOWN,s,low,0.11381859885911831
WALL LAKE,m,low,0.11313081014969295
INDIANOLA,l,low,0.1128484091027489
OELWEIN,l,low,0.11274932609877969
SLOAN,l,low,0.11234543773197038
URBANDALE,m,low,0.11227759600844418
WATERLOO,m,low,0.11225247011296989
MOUNT PLEASANT,s,low,0.11194385701919705
BEDFORD,l,low,0.11152155166834177
LAMONT,m,low,0.1114047582897903
EARLHAM,l,low,0.11085755294316901
MASON CITY,m,low,0.11081221023423626
CEDAR RAPIDS,s,low,0.11030649610712025
INDEPENDENCE,s,low,0.11026684732931658
ST ANSGAR,m,low,0.11020707429387548
SIGOURNEY,l,low,0.10995443567815566
LAWLER,l,low,0.10973803464590466
FOREST CITY,s,low,0.1097041846128507
GRAND JUNCTION,s,low,0.10938579651271892
DYERSVILLE,l,low,0.1091611803241405
CLERMONT,l,low,0.10910175562345666
PALO,s,low,0.10877457968055125
CHARITON,m,low,0.10847237564027135
NEW SHARON,s,low,0.10844079932766464
MASON CITY,s,low,0.10818637832680784
CLEARLAKE,m,low,0.10815656297274752
DAVENPORT,s,low,0.10813382885355509
GRUNDY CENTER,s,low,0.10797419708336976
DOON,l,low,0.10772100712978999
BONDURANT,s,mid,0.10768579378200739
CORYDON,l,low,0.1076499530754184
DUBUQUE,m,low,0.10745075602645486
PRIMGHAR,s,high,0.10729192741083877
EMMETSBURG,l,low,0.10726023124962092
WOODBINE,m,low,0.10724895434538186
WELLMAN,m,low,0.10724502481264087
DUMONT,m,low,0.10719671788131502
POMEROY,s,high,0.10696931903217777
CENTER POINT,l,low,0.10679893789886719
WINFIELD,l,low,0.10636689789424097
PARKERSBURG,m,low,0.1062871491541148
LAKE MILLS,s,low,0.10626311076920725
COON RAPIDS,s,low,0.1055883677419109
BUFFALO,m,low,0.1054431884938849
MOUNT PLEASANT,l,low,0.10489443238210966
BURLINGTON,m,low,0.10391037181787573
WALKER,m,low,0.10382040804601296
BROOKLYN,m,mid,0.10337392043573773
BETTENDORF,s,low,0.10327372201864238
KEOSAUQUA,m,low,0.1029109196358593
MANCHESTER,m,low,0.1027076610704853
FORT ATKINSON,s,high,0.10266478463578363
URBANA,m,low,0.1022076261939416
GRAND JUNCTION,m,low,0.10220295499686784
NEW SHARON,l,low,0.10151097822332807
CEDAR FALLS,l,low,0.101392796806546
HARLAN,m,low,0.10020535034006454
HAMBURG,m,low,0.10007819208277664
PELLA,l,low,0.09930965038226446
HAZLETON,s,low,0.09916292673284825
MIDDLETOWN,m,low,0.09885684021235376
ARNOLDS PARK,s,low,0.09867213646465801
BLUE GRASS,s,high,0.09857886819952418
INDEPENDENCE,l,low,0.09833390657280276
PERRY,l,low,0.09820092711769664
CUMMING,m,low,0.09772331028466874
SCRANTON,l,low,0.09717956007137407
CORALVILLE,l,low,0.09699616712100571
LOHRVILLE,m,low,0.09665499070624362
OTTUMWA,m,low,0.09652088277400513
BELLE PLAINE,l,low,0.09620519595731673
ROLFE,m,low,0.0961438499411615
ALLISON,m,low,0.09518886985789231
OSKALOOSA,l,low,0.09491388519308608
MELCHER-DALLAS,s,low,0.09472626946499481
WILTON,m,low,0.09463486800191222
TOLEDO,m,high,0.09450520248225826
CLIVE,l,low,0.09392639111111856
ARNOLDS PARK,l,low,0.09385754396563345
ELLSWORTH,s,high,0.09382448787363255
SIBLEY,s,low,0.09324652881321771
BURLINGTON,s,low,0.0927462999958996
GLADBROOK,l,low,0.0927270766358092
BELLEVUE,l,low,0.09256365437531121
FAIRBANK,l,low,0.09236661042374755
VICTOR,s,low,0.09182961633157315
SHELLSBURG,l,low,0.0917341597255759
MISSOURI VALLEY,s,low,0.09150195525773654
LANSING,m,low,0.09121304413362934
SWISHER,m,low,0.09119691650319155
CARTER LAKE,s,high,0.09117255500420829
MANNING,m,low,0.0907867082443526
ALBION,s,low,0.09072421068658747
ELY,m,low,0.08963508564556606
DENVER,m,low,0.08929303049796074
CARLISLE,l,low,0.08897596525018954
KNOXVILLE,l,low,0.0887281047239011
TRAER,m,low,0.0884790659927331
ANKENY,l,low,0.08766096167017491
ALBIA,l,low,0.08759704151042304
NEWTON,l,low,0.08705399738205345
WEST POINT,s,low,0.08594283093329723
SPIRIT LAKE,s,low,0.08588310726865506
MARION,m,low,0.08576728483094719
CARTER LAKE,s,low,0.08532669932262564
WINTERSET,s,low,0.08531943328669955
BAXTER,l,low,0.08526556961491961
FONDA,s,high,0.08524201944367062
ANAMOSA,l,low,0.08483850621071802
WAVERLY,m,low,0.08466389294230493
DES MOINES,s,low,0.08465540188590914
SAINT ANSGAR,m,low,0.08448127351951897
MASON CITY,l,low,0.08438147891432872
KELLOGG,l,low,0.08427589043784094
WASHINGTON,m,low,0.08410092172050669
LOGAN,m,low,0.08392891419273524
CENTERVILLE,l,low,0.08354733205839115
LAWLER,m,low,0.0834496463887196
FARLEY,s,mid,0.08333333333333334
WELLSBURG,l,low,0.08301837737240514
REMSEN,s,low,0.08286988402532326
GRAND JUNCTION,l,low,0.08242836996340855
CLARION,s,low,0.0821826066666355
FLOYD,m,mid,0.0819403048489929
NEW VIRGINIA,l,low,0.08096328844406202
CHEROKEE,m,low,0.08077124189984097
ELLSWORTH,l,low,0.08051563376811101
FARLEY,l,low,0.0798217794824685
DENISON,l,low,0.07976547892861224
MT PLEASANT,l,low,0.07960553463801573
ELDORA,m,low,0.07855923231556004
DAYTON,l,low,0.07780529772716414
WEST BRANCH,l,low,0.07761034909557948
FARLEY,m,low,0.07750882033173596
GUTHRIE CENTER,l,low,0.07675155327445969
LE MARS,s,low,0.07661165054488278
EARLY,m,low,0.0764851845277042
IOWA CITY,m,low,0.0763823411832415
MILFORD,l,low,0.07626117290899136
MARION,l,low,0.07604472062902269
CENTERVILLE,m,low,0.07594303242482872
CARTER LAKE,l,low,0.07572652110668018
MORAVIA,s,low,0.07562751878882197
ELLSWORTH,m,low,0.07497307725967466
HAWARDEN,s,low,0.07479923695095408
MOUNT PLEASANT,m,low,0.07456214572494034
MONTICELLO,s,low,0.07448588235291052
WEST LIBERTY,l,low,0.07436040348940094
NEW VIRGINIA,m,low,0.07396718219418649
DUNLAP,l,low,0.07359094445090704
CLINTON,m,low,0.07345729304171594
PLEASANT HILL,l,low,0.07304046818100608
SUTHERLAND,m,low,0.07244595186762735
COLFAX,l,low,0.07161590504449049
MARTENSDALE,m,low,0.07145071377852906
WEBSTER CITY,m,low,0.07128610915837043
BEVINGTON,m,low,0.07109507015399656
MUSCATINE,m,low,0.07096444197216449
MOUNT PLEASANT,s,mid,0.07043540685148991
LEON,m,low,0.06980178833757411
OTHO,l,low,0.06938788798886479
VICTOR,l,low,0.06911271822984782
MANSON,m,low,0.06906361836443477
ATLANTIC,m,low,0.06880998980653576
AURELIA,s,low,0.0686698501152161
BEVINGTON,s,high,0.06859713213434222
MONTICELLO,m,low,0.06833959810504713
STUART,s,mid,0.06823546756874081
ELKADER,s,high,0.06791466737953279
KEOTA,s,low,0.06723364516567683
BETTENDORF,m,low,0.06707829886850031
NORA SPRINGS,m,low,0.06695880810532819
POCAHONTAS,s,mid,0.06626337762618258
WASHBURN,s,low,0.06616236270254548
REINBECK,l,low,0.06576009950638026
WEST LIBERTY,s,low,0.06564620193928512
AFTON,l,low,0.06530224484899393
WASHINGTON,l,low,0.06524386356589716
RIVERSIDE,m,low,0.06514717098557117
MITCHELLVILLE,s,low,0.06513498277799448
OSAGE,m,low,0.06485205204264813
BAXTER,m,low,0.06472010404494341
LATIMER,l,low,0.06431161243150797
HULL,s,high,0.06407673693300661
INWOOD,l,low,0.06406537696395838
ATKINS,l,low,0.06388898543229295
JEFFERSON,l,low,0.06376355433986736
WINTERSET,l,low,0.0634856626304179
SIOUX CENTER,m,low,0.0634487959448848
COLO,s,low,0.06313105197073406
PRINCETON,l,low,0.06276782588166369
WAVERLY,l,low,0.06240808471938624
EAGLE GROVE,l,low,0.06205968758271232
LOGAN,s,low,0.06198163980705083
CLARINDA,l,low,0.06193772556417069
MARENGO,l,low,0.061899935348699454
JEFFERSON,m,low,0.06167420771294021
ALLERTON,m,mid,0.060417659499239176
MORAVIA,l,low,0.06005324578428872
RUNNELLS,l,low,0.05996067404564809
CLEARLAKE,s,low,0.0595418061170123
PAULLINA,l,low,0.05929272152113993
SIBLEY,l,low,0.05892285336780373
STRATFORD,l,low,0.058898991403557414
BEVINGTON,s,low,0.058805178828837366
OSAGE,l,low,0.05873843432830763
VAN METER,l,low,0.05835054538515371
NORTH LIBERTY,s,low,0.058022230141928005
ORANGE CITY,l,low,0.05794332671230933
WAUKEE,l,low,0.05785706130729129
JOHNSTON,m,low,0.05764429411925389
BLOOMFIELD,m,low,0.05745710916843027
NEOLA,l,low,0.057295313129123226
AMES,l,low,0.057114838978927086
GRINNELL,l,low,0.056918666639512505
TEMPLETON,m,low,0.05619432783960382
WEST POINT,l,low,0.05592935797365997
LANSING,l,low,0.05592154724717718
SOLON,l,low,0.05566147122032387
IOWA FALLS,l,low,0.0555281008239659
BOONE,l,low,0.05546380544138991
WHEATLAND,m,low,0.054571705395368174
ROCK RAPIDS,l,low,0.054420972508544795
POCAHONTAS,s,low,0.05420959832261287
WEST BURLINGTON,l,low,0.054056443396493674
WATERLOO,l,low,0.05388043020962315
MOUNT VERNON,l,low,0.053537823610013524
BLOOMFIELD,l,low,0.05330939877035027
TIPTON,s,low,0.053057702213321005
SPENCER,l,low,0.05279062151976632
OSAGE,s,low,0.05257894973768862
ORANGE CITY,m,low,0.05215481690016461
POSTVILLE,s,low,0.0520414150007264
LE MARS,l,low,0.05165730555431505
MAPLETON,l,low,0.0513751299694763
WEST UNION,m,low,0.05096893981209346
SIOUX CITY,l,low,0.05091080779711806
ELDORA,l,low,0.050221013052799246
SHELDON,l,low,0.05003445843513557
CLEAR LAKE,l,low,0.04941072735947958
TOLEDO,l,low,0.04909973364425083
GOWRIE,s,low,0.04904953416843013
CORNING,m,high,0.04896581196581193
OSSIAN,s,low,0.048407584824229986
WALFORD,m,low,0.04816701575134228
CLARKSVILLE,l,low,0.04746612949012735
HARLAN,s,low,0.04724476475005651
WATERLOO,l,high,0.04716662518418694
ANITA,m,low,0.04695680545627668
CRESTON,l,low,0.046693766512687855
BELMOND,m,low,0.046203730654229724
LIVERMORE,m,low,0.045995345410420885
LAKE CITY,m,low,0.04594576267655892
MANCHESTER,l,low,0.04592280609039614
MUSCATINE,l,low,0.04552144472258799
BEVINGTON,l,low,0.04540639083093301
SPIRIT LAKE,l,low,0.045384505047406896
SERGEANT BLUFF,l,low,0.0453785248206993
ALDEN,l,low,0.04532649579754513
CASCADE,s,low,0.04511766051453417
BRITT,l,low,0.044889789155316995
WEST BURLINGTON,m,low,0.044791367931699584
CHEROKEE,l,low,0.04415278199057649
FARMINGTON,m,low,0.04364261730618774
OAKLAND,s,low,0.04292691700907725
MEDIAPOLIS,s,low,0.04279134709841855
HUMBOLDT,m,low,0.04249754385354565
BANCROFT,l,low,0.04242226146836
EMMETSBURG,s,mid,0.04209308712908589
WALL LAKE,l,low,0.04199346393766728
SCHLESWIG,l,low,0.04175920398694676
ALBURNETT,m,low,0.041232979995390565
GRAETTINGER,l,low,0.04113369046338934
MISSOURI VALLEY,l,low,0.04106911251948995
ALGONA,l,low,0.04103030599524721
DAVENPORT,l,low,0.040533154588114274
BUFFALO,l,low,0.040198613879095714
HUBBARD,l,low,0.039614207356067584
TOLEDO,s,low,0.03943212188319567
FOREST CITY,l,low,0.03932711398500823
CEDAR RAPIDS,l,low,0.03825975665386467
NORA SPRINGS,l,low,0.03823467142161957
KELLOGG,s,low,0.03748093716430661
BURLINGTON,l,low,0.03747600978360505
WAUKON,l,low,0.037449219636766
WALNUT,s,high,0.03721179627708523
DUBUQUE,l,low,0.037144738084485686
WHEATLAND,s,low,0.03697378116024485
MINDEN,l,low,0.036269312457486214
COLUMBUS JUNCTION,l,low,0.03556796100847944
BETTENDORF,l,low,0.0352355617623628
ARLINGTON,s,low,0.03522078263641581
STORY CITY,s,mid,0.03512576747870875
KEOSAUQUA,l,low,0.03496143977774987
DURANT,l,low,0.03421621045852268
GUTTENBERG,l,low,0.03365998251201838
WILTON,l,low,0.03354976699509126
NORTH LIBERTY,m,low,0.032863363523169264
LAURENS,m,low,0.032700543370389364
ST CHARLES,s,low,0.03257658605745498
FORT MADISON,l,low,0.03248247892368098
STORM LAKE,l,low,0.031715810945735425
CARROLL,l,low,0.031618322929986724
CLINTON,l,low,0.031540994389356085
LA PORTE CITY,m,mid,0.03151515151515146
STORY CITY,s,low,0.031074492717463476
DE SOTO,l,low,0.031023821728073036
FAYETTE,m,low,0.030775971538249135
BEDFORD,m,low,0.029892005162214238
FORT ATKINSON,l,low,0.029483530853130695
CHEROKEE,s,low,0.029460671563340063
WINDSOR HEIGHTS,l,low,0.02925460727248864
COON RAPIDS,l,low,0.02913229691510269
STUART,l,low,0.0279302345555793
CORRECTIONVILLE,m,mid,0.027777777777777773
EDGEWOOD,l,low,0.02777528594243515
FONDA,l,low,0.027561238057422707
SLATER,m,low,0.026998353329314207
MANNING,l,low,0.02699826134497177
ROCKFORD,l,low,0.026713255890121676
PANORA,l,low,0.026188013802866866
FAYETTE,l,low,0.025447839036517716
ATLANTIC,l,low,0.025422757850589343
SHENANDOAH,m,low,0.025234885946304648
KELLOGG,m,mid,0.025129743407823115
ALTOONA,l,low,0.02464332410942485
CARROLL,m,low,0.024604001434677673
SIOUX CENTER,l,low,0.02457624774888938
OTTUMWA,l,low,0.024536447820400552
LAMONT,s,low,0.024475460769984386
WEST POINT,m,low,0.024262274707866082
DAKOTA CITY,m,low,0.02418028054653058
CHARITON,s,mid,0.023459371812223535
TRAER,l,low,0.022756479540564128
SAC CITY,l,low,0.02263134933834755
WELLMAN,l,low,0.021475764093132694
ANTHON,s,low,0.02134518719991672
CHARLES CITY,l,low,0.020958373807616407
OAKLAND,l,low,0.020879456668492308
PANORA,s,low,0.020642822576474693
KEOTA,m,low,0.020453639437273005
RAYMOND,l,low,0.020179702204528627
WHITTEMORE,l,low,0.018932745544633877
MARSHALLTOWN,l,low,0.018907314299229015
MT PLEASANT,m,low,0.018651781887184832
MONONA,l,low,0.01814586588538537
DYSART,l,low,0.01809621951602795
DANVILLE,s,low,0.01717743990298473
PARKERSBURG,l,low,0.016990120278163323
ELMA,l,low,0.016190543967626956
STORY CITY,m,low,0.016155986323465987
KEOKUK,l,low,0.016117511783739435
OSCEOLA,l,low,0.01582934789591864
IDA GROVE,l,low,0.014807368595169915
OSSIAN,m,low,0.014781099887147365
KINGSLEY,l,low,0.014556404875255008
MARTELLE,m,low,0.014320339799369523
SUMNER,s,high,0.014069770207291646
NORTH LIBERTY,l,low,0.01397026580094683
GUTHRIE CENTER,m,mid,0.013333333333333265
URBANA,l,low,0.013238090809018463
WEST UNION,l,low,0.012731532008937466
LOGAN,l,low,0.012721289817954945
ODEBOLT,s,low,0.012348666885635089
SUTHERLAND,s,low,0.012258220277143322
LOST NATION,s,low,0.012076503741423217
CAMANCHE,l,low,0.011911510688710778
WYOMING,m,low,0.011743092298648141
COUNCIL BLUFFS,l,low,0.011731985328478136
DES MOINES,l,low,0.011351857702594335
FORT DODGE,l,low,0.011101150361201026
SHEFFIELD,l,low,0.010856262664931273
DE SOTO,s,low,0.010766806973587404
HAWARDEN,l,low,0.010198808176181315
ANITA,s,low,0.009710664787082981
AURELIA,m,low,0.009576968752331267
HAMPTON,l,low,0.009357668397837094
KANAWHA,m,low,0.008980822846488273
SWISHER,s,low,0.008382219501210467
MONTEZUMA,l,low,0.007899835842313971
ONAWA,l,low,0.007539540046927404
GREENFIELD,l,low,0.00660133942576252
ARNOLDS PARK,m,high,0.0064357647565720195
FORT ATKINSON,m,low,0.005514886380661037
LOST NATION,l,low,0.005444280936889252
HOLY CROSS,l,low,0.005325770625866329
GRUNDY CENTER,l,low,0.005230442996890646
CLARION,l,low,0.004984388247354722
IOWA CITY,l,low,0.004724556513060159
SANBORN,l,low,0.004577942642425896
JOHNSTON,l,low,0.003388399387002694
DEXTER,l,low,0.0024917704363344954
WALFORD,l,low,0.0021883577311428656
ESTHERVILLE,m,low,0.0020848522103494443
LAMONI,s,low,0.001955151127697082
NEW VIRGINIA,s,low,9.871822821057123E-4
LENOX,s,low,4.3472937626415353E-4
HUMBOLDT,l,low,4.3211596361113674E-4
BELLEVUE,m,mid,0.0
ST ANSGAR,m,mid,0.0
SIOUX RAPIDS,m,mid,0.0
BEDFORD,m,mid,0.0
TEMPLETON,m,mid,0.0
LISBON,m,low,-1.8862640461136948E-4
WEBSTER CITY,l,low,-4.861231131653686E-4
GARNER,s,low,-7.371023610298529E-4
WALNUT,m,low,-7.792917690786124E-4
BAXTER,m,mid,-0.0014190221564159278
COLUMBUS JUNCTION,s,low,-0.0018117906646636188
ELY,l,low,-0.0032659662955345967
JEWELL,l,low,-0.003527243299638084
ATKINS,s,high,-0.003597667096995503
GILMORE CITY,l,low,-0.004236595265039389
MEDIAPOLIS,l,low,-0.005141577681825494
ALLISON,l,low,-0.005303004942864562
HARLAN,l,low,-0.005595805147758301
ARMSTRONG,l,low,-0.005625029241831951
WESLEY,s,low,-0.006816456258719711
MANSON,s,low,-0.007971012664039967
LOST NATION,s,mid,-0.007976268951878716
SCRANTON,m,low,-0.008641200411419296
CLEARLAKE,l,low,-0.009211945944025376
WOODWARD,m,low,-0.009536126758357851
BLAIRSTOWN,l,low,-0.010797795874619293
POCAHONTAS,l,low,-0.012064997660939944
GILBERTVILLE,l,low,-0.013379398679152638
BELMOND,l,low,-0.013521984812192009
SHELDON,m,high,-0.01371327345834599
PRINCETON,m,low,-0.013723345883265204
CLARION,m,low,-0.014427410787014474
MAQUOKETA,l,low,-0.01500051624479661
ST ANSGAR,l,low,-0.015455889915147264
WESLEY,l,low,-0.015539099617288407
SHENANDOAH,l,low,-0.016603994003660794
ROCK VALLEY,l,low,-0.016637056538339245
SERGEANT BLUFF,m,mid,-0.017341040462427744
MOUNT PLEASANT,m,high,-0.018001147682165413
ROCKWELL,s,low,-0.020153638714785038
SUMNER,l,low,-0.022578860872288928
LAWLER,m,mid,-0.023255813953488372
ANITA,l,low,-0.024590506239369467
ROCKWELL,l,low,-0.024860010428892753
EMMETSBURG,m,high,-0.025302530253025316
ELLSWORTH,s,low,-0.025360734128960494
MAQUOKETA,s,low,-0.02559337608532265
LAKE MILLS,l,low,-0.026947932846278038
WINTHROP,l,low,-0.02971792331894918
CLEARLAKE,s,mid,-0.031109435970318306
SLATER,l,low,-0.0318331750638263
ESTHERVILLE,l,low,-0.03360524344469006
HOLY CROSS,m,mid,-0.03409090909090909
SEYMOUR,s,low,-0.03505824962448164
STORY CITY,l,low,-0.03520639049492245
RIVERSIDE,l,low,-0.03715612861256793
ACKLEY,l,low,-0.0376297597513208
STATE CENTER,l,low,-0.03770408443310629
GREENE,m,high,-0.038461538461538464
CALMAR,m,low,-0.03920566132351455
MONTICELLO,m,high,-0.04109584561310431
LAURENS,l,low,-0.04116727329594115
GREENE,l,low,-0.04182136283122063
LAKE CITY,l,low,-0.04184324530651199
EMMETSBURG,s,low,-0.04365382493427478
MONTICELLO,l,low,-0.04469887132365732
CORNING,l,low,-0.04747829511008695
MELCHER-DALLAS,l,low,-0.04796678795809286
EXIRA,s,low,-0.051021458063288005
STRAWBERRY POINT,l,low,-0.051460849586328544
CASCADE,l,low,-0.05202449098277611
HARTLEY,l,low,-0.05214443529664281
KANAWHA,l,low,-0.05678787909907276
LA PORTE CITY,m,low,-0.05798718077264985
HOLSTEIN,l,low,-0.060148055279461744
HARTLEY,m,low,-0.06015418801613487
MELCHER-DALLAS,s,high,-0.06162459056526159
HAZLETON,m,low,-0.061767565516018814
TRAER,s,low,-0.06190373653321805
COLO,l,low,-0.063226068686716
ALBIA,m,mid,-0.06421635476265873
ANTHON,l,low,-0.06449429091112122
DUMONT,l,low,-0.06613051346043101
SEYMOUR,l,low,-0.0681298118326175
WALNUT,l,low,-0.06849536574874049
ROCKWELL CITY,l,low,-0.07328653192502717
TABOR,l,low,-0.07414797118897586
FORT ATKINSON,s,low,-0.07461054936773283
GARWIN,l,low,-0.07477647767186525
DYSART,s,high,-0.07680507261198627
ROCKWELL,m,low,-0.07693792078089103
ARLINGTON,l,low,-0.07859255373206749
ALBION,l,low,-0.08056166903557144
AURELIA,l,low,-0.08061778414754178
WINTHROP,s,high,-0.08155991102563663
PRAIRIE CITY,l,low,-0.08311654742059886
SHENANDOAH,m,mid,-0.08335181675348564
SHELBY,s,high,-0.08481289022014384
ARNOLD'S PARK,m,mid,-0.08574458163534764
AMANA,l,low,-0.08963663519433246
MALVERN,l,low,-0.09005513313555365
DUNLAP,s,low,-0.09142026702013302
LISBON,l,low,-0.09294581006723428
GRANGER,l,low,-0.09751381735376939
BLAIRSTOWN,m,mid,-0.1
GOWRIE,m,high,-0.1
TEMPLETON,l,low,-0.10126850720872864
LOHRVILLE,l,low,-0.10193952116214756
WASHBURN,s,high,-0.10629324150855872
TREYNOR,l,low,-0.1063681189312811
MANSON,l,low,-0.11142019681309921
ROCK VALLEY,s,mid,-0.11303030303030301
CONRAD,l,low,-0.11764561025166496
MALVERN,m,low,-0.11854178127191022
DENVER,l,low,-0.12215805819698382
WILTON,m,mid,-0.12529156947684106
WALL LAKE,m,mid,-0.12536375661375662
LECLAIRE,m,mid,-0.1304323816886631
LA PORTE CITY,l,low,-0.1306489217178317
ST LUCAS,s,high,-0.13312491397976609
GOWRIE,m,mid,-0.13443052206763528
DANVILLE,m,low,-0.1385676490161288
ST CHARLES,l,low,-0.14209706334873232
TEMPLETON,s,low,-0.14308205265047882
MAXWELL,l,low,-0.14461646721765375
VINTON,s,mid,-0.1455555555555556
SIGOURNEY,s,mid,-0.15337291239833614
DOWS,l,low,-0.15351148639184178
WEST BEND,s,mid,-0.15949850095393836
RUTHVEN,m,low,-0.16133270534938873
PRIMGHAR,m,low,-0.16941571347779102
ZWINGLE,s,mid,-0.16968162083936317
PARKERSBURG,s,low,-0.1766632244696754
FREDERICKSBURG,l,low,-0.17815950113092627
LIME SPRINGS,m,low,-0.18165570385049296
CUMMING,l,low,-0.18490507314036717
EARLING,m,low,-0.18563351142697856
TEMPLETON,s,high,-0.20626042906382272
RIVERSIDE,s,mid,-0.21014109347442686
CEDAR FALLS,l,high,-0.21741833389849663
TRIPOLI,l,low,-0.23086507657365332
STANTON,l,low,-0.2329376731153395
ESTHERVILLE,m,high,-0.23761325820798376
OSSIAN,s,high,-0.23855571146767535
SWEA CITY,l,low,-0.2403011861858864
ROCKFORD,s,high,-0.25130720074915114
GARNER,m,mid,-0.26239099859353016
FOREST CITY,s,mid,-0.26813286438370254
COON RAPIDS,m,high,-0.2713494607986009
CASCADE,s,mid,-0.27469135802469136
SAINT ANSGAR,s,low,-0.2818585437512256
ODEBOLT,m,low,-0.2857593231124092
MORAVIA,m,mid,-0.29362592543273763
CALMAR,l,low,-0.30819689074897316
LIME SPRINGS,s,low,-0.3309744839116566
GRINNELL,l,high,-0.3333333333333333
MOUNT AYR,m,mid,-0.33333333333333337
CORRECTIONVILLE,s,mid,-0.3514851485148515
MARTENSDALE,s,mid,-0.35500000000000004
WASHINGTON,l,high,-0.3567220615498702
ODEBOLT,s,high,-0.35903823474114205
MARTELLE,m,mid,-0.36231380049846396
HOLY CROSS,s,low,-0.36244685139101296
PRIMGHAR,s,low,-0.36579735867406327
WHITTEMORE,m,low,-0.3668429808522554
MT PLEASANT,s,high,-0.3685897435897436
ALBURNETT,s,high,-0.38150807815611304
CENTERVILLE,m,high,-0.38338695666871736
ARNOLD'S PARK,s,low,-0.38414844754089916
LECLAIRE,l,low,-0.39632828310667667
LAKE MILLS,m,high,-0.4038516571452797
ARNOLD'S PARK,s,high,-0.4106303421594896
MAPLETON,m,high,-0.4230769230769231
ARMSTRONG,s,mid,-0.4266666666666667
ARNOLD'S PARK,l,low,-0.4327077465719296
LAWLER,m,high,-0.434052757793765
ROLFE,l,low,-0.4378156645150983
OTHO,m,mid,-0.4444444444444444
ALLERTON,m,high,-0.453622396527927
HARPERS FERRY,s,mid,-0.45454545454545453
ARNOLD'S PARK,m,low,-0.45642443708930647
LOGAN,s,high,-0.46173494263427983
GARNER,m,high,-0.4849947648250636
DAVENPORT,l,mid,-0.4999411833901894
FAYETTE,s,mid,-0.5
WOODBINE,s,mid,-0.5
REINBECK,m,mid,-0.5
CRESTON,m,high,-0.5370765386733487
BELMOND,s,mid,-0.5588235294117647
ARLINGTON,s,high,-0.5652893133750706
SWISHER,m,high,-0.5722726104362671
LIVERMORE,s,low,-0.5806218365871295
PRIMGHAR,l,low,-0.5832486477912372
CENTRAL CITY,s,mid,-0.5911724137931034
SIBLEY,m,high,-0.6090126689288357
MELCHER-DALLAS,s,mid,-0.6133333333333333
DAKOTA CITY,s,mid,-0.6470588235294118
SAINT ANSGAR,s,high,-0.6488404418757773
WILLIAMSBURG,m,high,-0.6522370566653077
ROLFE,s,low,-0.6760492414957648
CALMAR,s,high,-0.6829349085012739
HAMBURG,l,low,-0.683026223896977
SHENANDOAH,m,high,-0.6945545179459403
MAQUOKETA,m,high,-0.7368051656372824
PALO,m,mid,-0.7400477042337507
LIVERMORE,m,high,-0.7432581491765243
ALBIA,s,mid,-0.75
NEWTON,l,high,-0.75
FAYETTE,m,mid,-0.7616580310880829
GREENE,m,mid,-0.7781398739333647
WINTHROP,m,mid,-0.7873985311171241
HARTLEY,s,mid,-0.7916666666666666
CASCADE,m,mid,-0.8033275858651922
BOONE,l,high,-0.8202
LAKE CITY,m,mid,-0.8299319727891157
TRURO,m,high,-0.8399172495320658
CORYDON,s,mid,-0.8626373626373627
ELLSWORTH,s,mid,-0.8735847450412871
CORNING,s,mid,-0.8750376090439738
ELDORA,s,mid,-0.8771929824561403
KELLOGG,s,mid,-0.933306386418755
ALLERTON,s,high,-0.9676375404530745
