index,Store Number,Recency,Frequency,Monetary,r_seg,f_seg,m_seg,RFMScore,prediction
0,5645,6,2788,204380.28,3,1,1,311,0
1,4937,3,284,38821.16,1,3,3,133,0
2,6194,4,1110,175641.41,2,2,1,221,0
3,3959,0,649,40119.05,1,2,3,123,0
4,5925,10,379,34980.96,3,3,3,333,0
5,4821,12,387,48908.65,4,3,3,433,0
6,6240,0,490,36493.87,1,3,3,133,0
7,4838,10,430,52615.37,3,3,3,333,0
8,5149,3,1496,214493.72,1,1,1,111,0
9,3650,0,2035,282222.19,1,1,1,111,0
10,6248,5,1204,80239.03,2,2,2,222,0
11,5613,6,204,22923.38,3,4,4,344,0
12,4975,27,226,45741.9,4,4,3,443,0
13,3826,209,71,13956.78,4,4,4,444,1
14,2700,5,919,165324.56,2,2,1,221,0
15,3949,5,774,148649.79,2,2,2,222,0
16,5044,10,416,67054.34,3,3,2,332,0
17,5757,10,266,27115.44,3,3,4,334,0
18,5316,5,1246,40314.34,2,1,3,213,0
19,5913,4,262,39146.42,2,4,3,243,0
20,2696,10,415,51296.99,3,3,3,333,0
21,5181,6,480,47937.57,3,3,3,333,0
22,6081,14,738,34061.0,4,2,3,423,0
23,6143,5,2579,346913.41,2,1,1,211,0
24,4988,4,7769,1301546.92,2,1,1,211,3
25,6252,3,1412,226758.44,1,1,1,111,0
26,4249,3,559,72191.32,1,3,2,132,0
27,2550,6,1354,207233.18,3,1,1,311,0
28,4665,5,1311,104547.27,2,1,2,212,0
29,5057,4,1241,74706.84,2,1,2,212,0
30,5082,3,453,52127.24,1,3,3,133,0
31,6106,10,49,5525.7,3,4,4,344,0
32,5297,10,216,34696.18,3,4,3,343,0
33,4236,5,771,133892.43,2,2,2,222,0
34,5408,13,184,28085.44,4,4,4,444,0
35,5234,14,277,40762.44,4,3,3,433,0
36,3652,20,96,16043.2,4,4,4,444,0
37,6033,13,174,26585.59,4,4,4,444,0
38,3993,6,2663,359027.15,3,1,1,311,0
39,5450,17,487,32846.54,4,3,3,433,0
40,5052,3,653,65320.58,1,2,2,122,0
41,4594,0,1369,40626.13,1,1,3,113,0
42,4464,3,920,99969.21,1,2,2,122,0
43,5986,40,207,21338.62,4,4,4,444,0
44,6217,6,1298,92343.11,3,1,2,312,0
45,4569,0,688,70127.66,1,2,2,122,0
46,4818,3,784,82224.31,1,2,2,122,0
47,2644,3,4778,1214260.56,1,1,1,111,3
48,5434,3,1872,117541.88,1,1,2,112,0
49,5291,115,305,43705.6,4,3,3,433,2
50,4782,3,148,25432.36,1,4,4,144,0
51,4417,10,498,38564.32,3,3,3,333,0
52,4980,6,760,47055.56,3,2,3,323,0
53,6264,4,1315,238003.22,2,1,1,211,0
54,5071,0,1654,69240.04,1,1,2,112,0
55,5543,3,148,22613.09,1,4,4,144,0
56,4736,38,113,22339.29,4,4,4,444,0
57,6278,4,221,88934.27,2,4,2,242,0
58,4719,35,148,25321.26,4,4,4,444,0
59,2200,0,2665,234445.21,1,1,1,111,0
60,6209,3,5750,1158890.07,1,1,1,111,3
61,2718,3,454,87735.95,1,3,2,132,0
62,4934,3,365,50816.91,1,3,3,133,0
63,6212,14,510,58515.52,4,3,2,432,0
64,3656,5,992,228484.92,2,2,1,221,0
65,4315,5,327,68759.92,2,3,2,232,0
66,5321,42,112,14397.24,4,4,4,444,0
67,4685,7,103,8184.43,3,4,4,344,0
68,5498,27,192,9935.41,4,4,4,444,0
69,2605,5,4162,785628.11,2,1,1,211,3
70,6091,6,601,120855.87,3,2,2,322,0
71,5855,27,96,15305.62,4,4,4,444,0
72,2628,0,944,117949.93,1,2,2,122,0
73,5079,34,205,24387.51,4,4,4,444,0
74,5306,49,55,8136.98,4,4,4,444,2
75,6069,0,114,7530.79,1,4,4,144,0
76,5412,27,276,38880.17,4,3,3,433,0
77,5170,13,171,26531.34,4,4,4,444,0
78,2720,0,227,21087.13,1,4,4,144,0
79,4856,0,383,40981.54,1,3,3,133,0
80,2545,5,3942,494966.73,2,1,1,211,3
81,5352,6,609,71198.3,3,2,2,322,0
82,5859,4,1759,263836.25,2,1,1,211,0
83,4205,6,898,127332.38,3,2,2,322,0
84,5041,3,536,53539.75,1,3,3,133,0
85,5497,13,226,38280.45,4,4,3,443,0
86,5377,0,312,40525.4,1,3,3,133,0
87,5179,13,352,32933.04,4,3,3,433,0
88,5799,7,224,30277.97,3,4,4,344,0
89,4730,4,458,51637.26,2,3,3,233,0
90,5096,20,257,43890.98,4,4,3,443,0
91,4884,6,1122,114589.03,3,2,2,322,0
92,5656,0,840,139711.44,1,2,2,122,0
93,6121,6,1185,144681.43,3,2,2,322,0
94,6019,5,1433,140628.91,2,1,2,212,0
95,4369,10,872,64364.47,3,2,2,322,0
96,4740,31,209,42594.9,4,4,3,443,0
97,6300,18,454,25515.06,4,3,4,434,0
98,5965,24,175,20210.71,4,4,4,444,0
99,5829,6,452,66662.73,3,3,2,332,0
100,5802,39,502,43808.74,4,3,3,433,0
101,5458,6,212,40396.28,3,4,3,343,0
102,5059,3,440,35330.37,1,3,3,133,0
103,4546,35,163,23574.04,4,4,4,444,0
104,6147,4,1699,250933.13,2,1,1,211,0
105,5546,0,451,36929.82,1,3,3,133,0
106,6104,7,265,43343.95,3,3,3,333,0
107,6059,0,218,22752.69,1,4,4,144,0
108,6245,0,2614,186815.0,1,1,1,111,0
109,3742,6,1001,170906.42,3,2,1,321,0
110,2714,10,992,162971.28,3,2,1,321,0
111,2683,0,578,51302.0,1,2,3,123,0
112,3521,5,633,343307.44,2,2,1,221,0
113,5714,122,54,8818.8,4,4,4,444,2
114,5872,10,201,30620.27,3,4,4,344,0
115,4189,6,1169,177725.86,3,2,1,321,0
116,2648,0,8305,1540949.05,1,1,1,111,3
117,4969,4,4133,695817.03,2,1,1,211,3
118,6045,3,1331,76562.5,1,1,2,112,0
119,6090,3,514,27718.86,1,3,4,134,0
120,4157,0,1261,142486.99,1,1,2,112,0
121,5060,6,1017,109819.03,3,2,2,322,0
122,5998,7,320,34994.9,3,3,3,333,0
123,3660,3,1242,197552.56,1,1,1,111,0
124,9047,32,75,75140.1,4,4,2,442,0
125,5572,3,459,60442.43,1,3,2,132,0
126,3728,10,670,76497.43,3,2,2,322,0
127,5081,3,739,74964.34,1,2,2,122,0
128,5990,24,220,26514.27,4,4,4,444,0
129,4638,0,1928,382200.03,1,1,1,111,0
130,4738,4,821,62708.29,2,2,2,222,0
131,5830,0,439,37406.47,1,3,3,133,0
132,6280,182,107,16212.3,4,4,4,444,1
133,4765,14,111,6316.52,4,4,4,444,0
134,4402,3,616,51315.56,1,2,3,123,0
135,4542,10,304,46402.9,3,3,3,333,0
136,6119,0,1611,169221.16,1,1,1,111,0
137,5576,3,239,33362.64,1,4,3,143,0
138,2201,4,2546,950099.62,2,1,1,211,0
139,6074,6,226,33099.22,3,4,3,343,0
140,5745,6,307,38014.34,3,3,3,333,0
141,6152,5,324,61132.37,2,3,2,232,0
142,2846,55,87,6795.39,4,4,4,444,2
143,5727,13,567,87336.1,4,2,2,422,0
144,2587,4,3583,692784.27,2,1,1,211,3
145,4272,5,911,96317.59,2,2,2,222,0
146,4626,3,1145,70710.29,1,2,2,122,0
147,6249,3,1046,178460.75,1,2,1,121,0
148,3494,4,2124,2074569.48,2,1,1,211,0
149,4573,3,220,32398.97,1,4,3,143,0
150,5809,66,146,18947.51,4,4,4,444,2
151,4355,13,739,50110.21,4,2,3,423,0
152,4531,10,273,44874.49,3,3,3,333,0
153,6261,3,994,211459.36,1,2,1,121,0
154,5642,20,674,41871.6,4,2,3,423,0
155,5211,4,1723,88803.17,2,1,2,212,0
156,5682,0,1268,262793.3,1,1,1,111,0
157,5663,0,1168,179218.37,1,2,1,121,0
158,6116,4,1054,143464.17,2,2,2,222,0
159,4828,6,357,62255.05,3,3,2,332,0
160,5213,12,174,17718.57,4,4,4,444,0
161,10058,0,114,11963.08,1,4,4,144,0
162,5984,26,337,40011.54,4,3,3,433,0
163,5911,5,869,81468.76,2,2,2,222,0
164,6140,3,2220,203097.44,1,1,1,111,0
165,4953,31,141,19532.28,4,4,4,444,0
166,4837,20,537,26015.53,4,3,4,434,0
167,4370,3,1189,60415.05,1,2,2,122,0
168,4817,3,393,47565.56,1,3,3,133,0
169,4631,4,1115,114225.72,2,2,2,222,0
170,10039,0,1934,311814.92,1,1,1,111,0
171,4584,6,499,25295.48,3,3,4,334,0
172,5735,0,1229,178584.82,1,1,1,111,0
173,4132,0,722,92799.84,1,2,2,122,0
174,2702,19,291,29814.15,4,3,4,434,0
175,5193,7,139,20059.7,3,4,4,344,0
176,6305,33,59,6485.62,4,4,4,444,0
177,2633,0,16596,11788529.03,1,1,1,111,3
178,5072,5,388,54688.69,2,3,3,233,0
179,4786,6,770,60313.47,3,2,2,322,0
180,3952,21,3412,1323643.61,4,1,1,411,3
181,4195,6,1238,79012.28,3,1,2,312,0
182,5092,0,2019,81151.13,1,1,2,112,0
183,5000,4,457,67030.43,2,3,2,232,0
184,6047,5,456,40115.07,2,3,3,233,0
185,2699,0,148,16719.21,1,4,4,144,0
186,5064,0,559,69006.37,1,3,2,132,0
187,4269,0,2769,306253.48,1,1,1,111,0
188,5471,10,1939,294318.11,3,1,1,311,0
189,4015,4,2385,396172.14,2,1,1,211,0
190,4478,129,885,123516.85,4,2,2,422,2
191,6125,0,1387,209680.65,1,1,1,111,0
192,5415,6,1224,215855.69,3,1,1,311,0
193,4823,3,342,54002.99,1,3,3,133,0
194,6319,6,193,19877.82,3,4,4,344,0
195,6023,0,715,28768.94,1,2,4,124,0
196,6109,83,102,3785.36,4,4,4,444,2
197,4024,0,780,125953.09,1,2,2,122,0
198,6038,13,257,36594.07,4,4,3,443,0
199,6208,10,196,21209.54,3,4,4,344,0
200,4130,5,211,26066.61,2,4,4,244,0
201,3814,0,1074,3506556.78,1,2,1,121,0
202,4366,6,1165,48277.14,3,2,3,323,0
203,2578,6,3673,494113.01,3,1,1,311,3
204,4131,0,1450,306178.44,1,1,1,111,0
205,4182,3,1000,191537.68,1,2,1,121,0
206,3944,3,1484,1595586.82,1,1,1,111,0
207,4808,3,800,109111.28,1,2,2,122,0
208,6127,10,363,50084.82,3,3,3,333,0
209,5896,3,399,26581.5,1,3,4,134,0
210,6176,4,2532,190180.69,2,1,1,211,0
211,5730,6,676,91148.49,3,2,2,322,0
212,4163,0,660,132641.11,1,2,2,122,0
213,3889,4,1119,216419.12,2,2,1,221,0
214,6003,4,290,39855.76,2,3,3,233,0
215,5017,3,1252,97150.21,1,1,2,112,0
216,2562,3,1748,362873.46,1,1,1,111,0
217,4942,3,526,64976.59,1,3,2,132,0
218,5226,0,1288,164616.77,1,1,1,111,0
219,4882,13,720,42813.36,4,2,3,423,0
220,5062,12,432,29602.53,4,3,4,434,0
221,5329,0,359,67326.48,1,3,2,132,0
222,6179,297,11,1183.44,4,4,4,444,1
223,5186,13,497,62587.81,4,3,2,432,0
224,5502,5,373,59333.44,2,3,2,232,0
225,6149,6,787,100194.94,3,2,2,322,0
226,3833,3,1576,274467.12,1,1,1,111,0
227,4200,4,1120,196617.48,2,2,1,221,0
228,4147,4,1761,231405.38,2,1,1,211,0
229,4510,66,376,39970.76,4,3,3,433,2
230,5413,6,446,35868.78,3,3,3,333,0
231,5637,14,144,39887.66,4,4,3,443,0
232,5764,21,142,18847.65,4,4,4,444,0
233,4887,0,463,36280.06,1,3,3,133,0
234,5820,12,78,12557.09,4,4,4,444,0
235,5834,7,426,27340.75,3,3,4,334,0
236,5280,4,231,41864.84,2,4,3,243,0
237,6313,3,1310,107230.64,1,1,2,112,0
238,2669,3,776,99774.18,1,2,2,122,0
239,5966,3,422,23027.1,1,3,4,134,0
240,5362,6,1294,151946.53,3,1,2,312,0
241,2572,4,11064,1096013.12,2,1,1,211,3
242,4717,7,164,28697.72,3,4,4,344,0
243,6221,6,908,162665.25,3,2,1,321,0
244,5863,6,668,64767.91,3,2,2,322,0
245,4235,3,529,85733.4,1,3,2,132,0
246,5936,108,872,42645.57,4,2,3,423,2
247,5654,3,43,33432.42,1,4,3,143,0
248,6046,7,529,57363.48,3,3,2,332,0
249,6219,7,206,34651.62,3,4,3,343,0
250,5621,0,434,54638.63,1,3,3,133,0
251,4985,20,191,18513.07,4,4,4,444,0
252,4791,48,64,13835.58,4,4,4,444,2
253,5599,6,1786,305039.69,3,1,1,311,0
254,6329,3,273,38174.82,1,3,3,133,0
255,4289,3,496,50510.13,1,3,3,133,0
256,5857,0,432,43559.59,1,3,3,133,0
257,4449,4,1034,51435.96,2,2,3,223,0
258,5553,0,345,45183.7,1,3,3,133,0
259,3447,4,1949,2061711.49,2,1,1,211,0
260,5210,3,2274,200927.48,1,1,1,111,0
261,6021,10,272,20010.49,3,3,4,334,0
262,5632,3,516,71379.92,1,3,2,132,0
263,4613,7,211,29819.18,3,4,4,344,0
264,2576,0,5713,556992.48,1,1,1,111,3
265,2478,4,1182,215761.43,2,2,1,221,0
266,4701,59,40,6705.3,4,4,4,444,2
267,4698,5,1411,164116.99,2,1,1,211,0
268,2708,4,258,27353.12,2,4,4,244,0
269,5972,6,188,19645.16,3,4,4,344,0
270,5744,19,56,7275.34,4,4,4,444,0
271,3723,6,4692,199993.29,3,1,1,311,3
272,4896,3,493,57176.08,1,3,2,132,0
273,5575,3,510,50737.51,1,3,3,133,0
274,5204,3,652,99848.11,1,2,2,122,0
275,5786,6,564,45613.72,3,2,3,323,0
276,2561,0,4919,1269605.67,1,1,1,111,3
277,6327,0,186,14999.41,1,4,4,144,0
278,6282,31,95,10217.93,4,4,4,444,0
279,3981,6,1269,214095.1,3,1,1,311,0
280,5673,17,229,22644.26,4,4,4,444,0
281,6101,3,1753,158838.46,1,1,1,111,0
282,4310,0,1108,101759.99,1,2,2,122,0
283,4271,3,1252,162401.61,1,1,1,111,0
284,4246,3,862,123463.32,1,2,2,122,0
285,6243,6,846,140651.61,3,2,2,322,0
286,5592,6,956,48415.08,3,2,3,323,0
287,5326,0,1848,242288.85,1,1,1,111,0
288,5640,0,288,47777.12,1,3,3,133,0
289,5421,13,243,42756.9,4,4,3,443,0
290,5582,6,253,39508.87,3,4,3,343,0
291,5550,5,519,39471.42,2,3,3,233,0
292,5817,20,304,29878.9,4,3,4,434,0
293,5886,0,2386,259692.34,1,1,1,111,0
294,5941,3,2622,303856.17,1,1,1,111,0
295,6156,3,774,110625.66,1,2,2,122,0
296,5676,4,1762,246525.26,2,1,1,211,0
297,4266,3,377,57928.86,1,3,2,132,0
298,4196,6,1005,453581.95,3,2,1,321,0
299,5874,35,150,16491.52,4,4,4,444,0
300,4565,20,338,35262.74,4,3,3,433,0
301,4104,4,484,94061.59,2,3,2,232,0
302,6310,26,98,10701.98,4,4,4,444,0
303,5366,6,1200,217943.71,3,2,1,321,0
304,2685,5,717,121337.99,2,2,2,222,0
305,4663,21,316,40985.58,4,3,3,433,0
306,5437,3,1356,105966.41,1,1,2,112,0
307,2630,0,1182,238230.89,1,2,1,121,0
308,3682,5,832,118036.35,2,2,2,222,0
309,2532,0,4071,551067.99,1,1,1,111,3
310,6345,3,1023,72428.01,1,2,2,122,0
311,5133,6,571,72070.74,3,2,2,322,0
312,4972,3,1035,45234.44,1,2,3,123,0
313,6325,5,53,3317.54,2,4,4,244,0
314,5849,4,498,70651.86,2,3,2,232,0
315,4703,20,267,40339.03,4,3,3,433,0
316,5407,7,283,30398.9,3,3,4,334,0
317,4912,10,502,35792.55,3,3,3,333,0
318,3726,3,1031,163871.36,1,2,1,121,0
319,4457,6,656,67691.18,3,2,2,322,0
320,4362,17,295,31502.88,4,3,3,433,0
321,6111,73,58,3034.54,4,4,4,444,2
322,3565,6,1069,95807.25,3,2,2,322,0
323,5515,3,811,146768.05,1,2,2,122,0
324,4429,5,484,42673.35,2,3,3,233,0
325,6007,4,615,34512.52,2,2,3,223,0
326,5516,13,130,9936.11,4,4,4,444,0
327,4802,4,693,132994.92,2,2,2,222,0
328,6182,252,28,3720.78,4,4,4,444,1
329,6100,5,630,77850.91,2,2,2,222,0
330,5538,6,403,43953.29,3,3,3,333,0
331,5128,4,1386,198423.22,2,1,1,211,0
332,3663,4,1334,205629.67,2,1,1,211,0
333,5773,20,432,31040.0,4,3,4,434,0
334,5615,3,1403,52251.13,1,1,3,113,0
335,5303,6,442,89834.38,3,3,2,332,0
336,3879,6,801,181086.3,3,2,1,321,0
337,4949,0,515,57549.2,1,3,2,132,0
338,4582,5,1090,259058.52,2,2,1,221,0
339,4659,4,259,36864.87,2,4,3,243,0
340,6308,5,609,39159.58,2,2,3,223,0
341,3354,6,2018,1844640.0,3,1,1,311,0
342,4930,17,276,47195.33,4,3,3,433,0
343,6173,6,2230,200644.3,3,1,1,311,0
344,6118,3,2132,360983.61,1,1,1,111,0
345,4633,17,344,48250.69,4,3,3,433,0
346,5195,10,584,95253.75,3,2,2,322,0
347,4365,41,252,23982.62,4,4,4,444,0
348,5469,5,261,38835.51,2,4,3,243,0
349,5845,5,677,96097.1,2,2,2,222,0
350,4653,7,716,56368.08,3,2,2,322,0
351,4540,7,412,44258.49,3,3,3,333,0
352,5934,13,409,98699.13,4,3,2,432,0
353,4989,13,227,37571.25,4,4,3,443,0
354,2642,5,5251,853789.49,2,1,1,211,3
355,5696,10,247,36257.57,3,4,3,343,0
356,4748,7,280,32096.36,3,3,3,333,0
357,5831,3,276,24667.78,1,3,4,134,0
358,2671,0,1474,300184.87,1,1,1,111,0
359,5961,34,131,12731.22,4,4,4,444,0
360,5595,4,39,7087.48,2,4,4,244,0
361,6251,19,309,33603.63,4,3,3,433,0
362,5721,34,117,13867.42,4,4,4,444,0
363,5240,0,306,56813.83,1,3,2,132,0
364,3691,3,1117,262153.77,1,2,1,121,0
365,5600,3,2304,620088.24,1,1,1,111,0
366,4418,3,181,14915.99,1,4,4,144,0
367,4511,4,926,84652.04,2,2,2,222,0
368,3666,0,1230,290830.45,1,1,1,111,0
369,4562,0,291,39708.97,1,3,3,133,0
370,4852,0,597,33035.39,1,2,3,123,0
371,2522,5,5906,672050.87,2,1,1,211,3
372,5273,5,981,60948.96,2,2,2,222,0
373,4317,3,1203,121902.39,1,2,2,122,0
374,6309,17,135,12769.13,4,4,4,444,0
375,5627,20,203,37483.66,4,4,3,443,0
376,2588,4,8170,843688.4,2,1,1,211,3
377,5359,0,718,182509.77,1,2,1,121,0
378,6120,6,303,36026.84,3,3,3,333,0
379,5960,4,830,102723.75,2,2,2,222,0
380,6037,27,249,30305.34,4,4,4,444,0
381,5116,0,1578,209507.65,1,1,1,111,0
382,2703,14,173,14728.57,4,4,4,444,0
383,2604,6,3421,553784.08,3,1,1,311,3
384,4073,5,1652,264781.64,2,1,1,211,0
385,3773,0,11308,3859208.6,1,1,1,111,3
386,4373,28,1344,59801.18,4,1,2,412,0
387,6159,3,1230,148371.55,1,1,2,112,0
388,5135,4,1365,227343.55,2,1,1,211,0
389,4300,5,1439,262090.55,2,1,1,211,0
390,2596,5,2255,175289.64,2,1,1,211,0
391,5513,3,432,49466.02,1,3,3,133,0
392,3054,6,1087,72157.4,3,2,2,322,0
393,5937,5,541,59700.74,2,3,2,232,0
394,2840,0,391,47100.53,1,3,3,133,0
395,5190,7,698,45158.67,3,2,3,323,0
396,2709,0,646,37437.22,1,2,3,123,0
397,5510,20,504,28622.27,4,3,4,434,0
398,4609,5,600,55900.9,2,2,3,223,0
399,4829,0,15562,11130085.1,1,1,1,111,3
400,5482,0,1225,206846.49,1,1,1,111,0
401,5665,17,161,17040.61,4,4,4,444,0
402,4607,10,155,20160.06,3,4,4,344,0
403,4769,6,472,94866.74,3,3,2,332,0
404,5833,12,151,22113.48,4,4,4,444,0
405,5890,28,267,35191.64,4,3,3,433,0
406,5378,27,179,30187.9,4,4,4,444,0
407,5173,6,1580,105658.37,3,1,2,312,0
408,5870,6,1818,278864.87,3,1,1,311,0
409,4642,4,811,90333.0,2,2,2,222,0
410,6067,0,858,125054.85,1,2,2,122,0
411,4414,10,467,42649.63,3,3,3,333,0
412,6057,4,1069,125940.04,2,2,2,222,0
413,6203,3,1614,173643.79,1,1,1,111,0
414,4267,3,716,29803.1,1,2,4,124,0
415,5662,5,1927,280092.05,2,1,1,211,0
416,4608,11,533,108456.53,3,3,2,332,0
417,5443,3,2786,530705.16,1,1,1,111,0
418,4929,3,466,52682.58,1,3,3,133,0
419,3670,5,2022,337128.41,2,1,1,211,0
420,4539,0,367,32058.79,1,3,3,133,0
421,4825,62,240,37009.65,4,4,3,443,2
422,2676,13,45,6516.1,4,4,4,444,0
423,5712,6,413,34980.69,3,3,3,333,0
424,4702,129,88,17850.42,4,4,4,444,2
425,4466,6,468,68219.36,3,3,2,332,0
426,9001,5,187,197060.1,2,4,1,241,0
427,5282,18,62,11278.8,4,4,4,444,0
428,5701,6,1348,85611.75,3,1,2,312,0
429,6315,6,71,2620.15,3,4,4,344,0
430,3524,5,1681,1640806.93,2,1,1,211,0
431,3622,5,2385,484141.47,2,1,1,211,0
432,6161,5,1304,119906.21,2,1,2,212,0
433,5607,10,315,40501.09,3,3,3,333,0
434,4549,7,342,41540.22,3,3,3,333,0
435,6024,0,318,17953.02,1,3,4,134,0
436,4652,0,2357,344107.55,1,1,1,111,0
437,4699,0,242,37183.93,1,4,3,143,0
438,5571,5,305,34979.79,2,3,3,233,0
439,6002,6,352,42517.4,3,3,3,333,0
440,5619,6,285,42957.08,3,3,3,333,0
441,4258,3,988,221400.24,1,2,1,121,0
442,3849,3,839,109544.73,1,2,2,122,0
443,5355,31,141,16267.86,4,4,4,444,0
444,6204,3,1836,236422.89,1,1,1,111,0
445,4723,18,203,38513.5,4,4,3,443,0
446,4204,0,1085,203405.19,1,2,1,121,0
447,2693,31,83,4668.72,4,4,4,444,0
448,4548,10,243,30957.38,3,4,4,344,0
449,4508,19,245,36333.43,4,4,3,443,0
450,4806,0,716,134432.25,1,2,2,122,0
451,5256,21,257,25837.26,4,4,4,444,0
452,4506,6,364,50597.89,3,3,3,333,0
453,5027,6,489,150606.19,3,3,2,332,0
454,5647,14,100,13558.72,4,4,4,444,0
455,4444,6,603,47070.73,3,2,3,323,0
456,3909,3,736,112022.4,1,2,2,122,0
457,5156,0,220,19922.23,1,4,4,144,0
458,2521,3,5635,912391.69,1,1,1,111,3
459,4560,6,501,48760.14,3,3,3,333,0
460,4256,6,933,201739.3,3,2,1,321,0
461,4150,4,992,147212.68,2,2,2,222,0
462,4714,41,163,16519.58,4,4,4,444,0
463,4371,0,1037,64812.06,1,2,2,122,0
464,2573,0,8208,1100745.8,1,1,1,111,3
465,4197,4,1145,166573.01,2,2,1,221,0
466,6139,0,1071,162917.7,1,2,1,121,0
467,5350,10,296,41345.04,3,3,3,333,0
468,3744,3,913,157686.49,1,2,1,121,0
469,2691,4,1954,137574.18,2,1,2,212,0
470,5142,4,1539,95832.35,2,1,2,212,0
471,5894,3,223,47680.02,1,4,3,143,0
472,4517,11,285,53314.3,3,3,3,333,0
473,4397,5,1063,29679.35,2,2,4,224,0
474,4843,21,628,17571.85,4,2,4,424,0
475,5499,4,701,76888.43,2,2,2,222,0
476,5883,10,172,21694.85,3,4,4,344,0
477,5432,4,796,109595.89,2,2,2,222,0
478,6150,6,331,26455.0,3,3,4,334,0
479,4879,152,808,155414.62,4,2,1,421,2
480,5275,0,588,61455.56,1,2,2,122,0
481,4438,228,156,7788.52,4,4,4,444,1
482,6041,6,1189,297963.6,3,2,1,321,0
483,5866,13,489,28136.9,4,3,4,434,0
484,4291,3,3393,417920.8,1,1,1,111,3
485,4661,3,1104,29536.14,1,2,4,124,0
486,5660,0,1649,312483.74,1,1,1,111,0
487,6238,5,604,96796.05,2,2,2,222,0
488,5517,3,1451,82970.66,1,1,2,112,0
489,6288,4,588,85692.42,2,2,2,222,0
490,3707,5,1283,297840.81,2,1,1,211,0
491,5398,5,235,25452.18,2,4,4,244,0
492,6304,4,1720,118059.06,2,1,2,212,0
493,4731,14,288,39954.45,4,3,3,433,0
494,3618,0,1080,177384.24,1,2,1,121,0
495,2601,0,2218,533204.05,1,1,1,111,0
496,4138,6,990,139151.23,3,2,2,322,0
497,5669,6,1430,143255.61,3,1,2,312,0
498,5580,31,246,29109.02,4,4,4,444,0
499,5769,12,244,30226.09,4,4,4,444,0
500,5349,5,332,48130.01,2,3,3,233,0
501,6048,19,163,20350.24,4,4,4,444,0
502,4255,6,943,242524.55,3,2,1,321,0
503,5734,0,1045,154285.62,1,2,1,121,0
504,4013,0,698,106377.02,1,2,2,122,0
505,5818,6,276,31778.85,3,3,3,333,0
506,5723,10,372,42959.49,3,3,3,333,0
507,4721,31,162,16024.33,4,4,4,444,0
508,4575,3,510,57455.24,1,3,2,132,0
509,6210,6,772,83055.84,3,2,2,322,0
510,5816,11,258,36030.44,3,4,3,343,0
511,4279,12,365,27347.04,4,3,4,434,0
512,3738,0,429,49016.09,1,3,3,133,0
513,5376,54,116,16538.22,4,4,4,444,2
514,3811,5,1105,160732.01,2,2,1,221,0
515,4877,4,3135,442613.8,2,1,1,211,0
516,4901,3,1410,317281.11,1,1,1,111,0
517,4547,0,679,97810.9,1,2,2,122,0
518,4148,0,1432,154667.08,1,1,1,111,0
519,2847,101,107,13481.88,4,4,4,444,2
520,6188,7,105,16911.84,3,4,4,344,0
521,3624,5,894,146776.23,2,2,2,222,0
522,4160,5,735,117816.45,2,2,2,222,0
523,4792,17,544,59320.82,4,3,2,432,0
524,5029,5,1653,294321.58,2,1,1,211,0
525,5755,12,266,41062.35,4,3,3,433,0
526,6151,0,3002,699563.24,1,1,1,111,0
527,2626,4,3523,817224.88,2,1,1,211,3
528,6093,3,397,30285.39,1,3,4,134,0
529,5183,3,391,35138.17,1,3,3,133,0
530,2660,6,2903,241780.91,3,1,1,311,0
531,5069,5,981,69770.62,2,2,2,222,0
532,5692,0,515,72393.43,1,3,2,132,0
533,2845,149,101,16473.83,4,4,4,444,2
534,4941,4,1069,78881.07,2,2,2,222,0
535,5556,10,509,76523.69,3,3,2,332,0
536,5967,31,341,27631.23,4,3,4,434,0
537,5922,3,380,50977.24,1,3,3,133,0
538,4247,5,870,118480.2,2,2,2,222,0
539,2705,6,1040,164870.55,3,2,1,321,0
540,4741,3,485,59663.0,1,3,2,132,0
541,2841,4,252,35562.45,2,4,3,243,0
542,5677,5,179,28750.6,2,4,4,244,0
543,5283,11,97,19725.5,3,4,4,344,0
544,2603,6,10781,1661461.46,3,1,1,311,3
545,2571,4,4496,707435.58,2,1,1,211,3
546,4752,3,912,153711.91,1,2,1,121,0
547,2554,0,1384,140085.4,1,1,2,112,0
548,5536,4,691,65184.53,2,2,2,222,0
549,6025,55,125,14213.25,4,4,4,444,2
550,6180,20,191,19873.39,4,4,4,444,0
551,6200,26,28,4085.96,4,4,4,444,0
552,5384,24,560,39889.56,4,3,3,433,0
553,4296,5,1361,83375.79,2,1,2,212,0
554,4617,0,4625,333441.96,1,1,1,111,3
555,2552,0,5517,860369.61,1,1,1,111,3
556,5811,10,234,27586.9,3,4,4,344,0
557,5624,0,184,32332.41,1,4,3,143,0
558,5267,52,77,13211.27,4,4,4,444,2
559,6234,5,261,38743.62,2,4,3,243,0
560,5196,6,539,37247.09,3,3,3,333,0
561,4759,159,94,6507.61,4,4,4,444,1
562,5120,20,392,41871.03,4,3,3,433,0
563,6237,0,643,21578.18,1,2,4,124,0
564,6004,3,421,67132.96,1,3,2,132,0
565,5929,63,292,41284.5,4,3,3,433,2
566,4767,5,1061,66251.07,2,2,2,222,0
567,5392,11,267,38904.84,3,3,3,333,0
568,4512,4,289,35126.87,2,3,3,233,0
569,4796,51,126,26498.52,4,4,4,444,2
570,5739,21,199,21301.25,4,4,4,444,0
571,4140,3,1599,270276.8,1,1,1,111,0
572,5233,10,413,76359.34,3,3,2,332,0
573,6160,5,1552,171855.91,2,1,1,211,0
574,6141,0,381,65105.17,1,3,2,132,0
575,5969,0,289,35362.01,1,3,3,133,0
576,3789,5,1168,202747.42,2,2,1,221,0
577,4867,5,600,75274.73,2,2,2,222,0
578,5747,4,435,52640.53,2,3,3,233,0
579,2711,12,529,27264.36,4,3,4,434,0
580,6131,13,59,7649.99,4,4,4,444,0
581,2612,3,1763,202304.75,1,1,1,111,0
582,4159,3,1083,203447.07,1,2,1,121,0
583,4201,4,1225,396506.35,2,1,1,211,0
584,5367,10,240,32711.02,3,4,3,343,0
585,6191,10,420,29196.42,3,3,4,334,0
586,4971,5,1574,309482.57,2,1,1,211,0
587,6292,26,86,10706.38,4,4,4,444,0
588,2835,18,121,17978.34,4,4,4,444,0
589,3549,5,1880,519672.86,2,1,1,211,0
590,2649,3,5954,603506.36,1,1,1,111,3
591,5912,3,833,114000.72,1,2,2,122,0
592,5840,12,319,45947.4,4,3,3,433,0
593,5028,0,621,102865.7,1,2,2,122,0
594,5010,0,1083,76389.04,1,2,2,122,0
595,6339,5,187,21196.58,2,4,4,244,0
596,5792,103,130,10853.18,4,4,4,444,2
597,9013,6,174,63620.16,3,4,2,342,0
598,2723,11,134,18938.61,3,4,4,344,0
599,4590,4,516,58443.55,2,3,2,232,0
600,2555,5,5336,638158.83,2,1,1,211,3
601,5791,31,97,18156.56,4,4,4,444,0
602,5187,5,1369,152600.9,2,1,1,211,0
603,3790,5,1361,224212.72,2,1,1,211,0
604,5117,6,372,39532.29,3,3,3,333,0
605,2597,0,1080,166157.14,1,2,1,121,0
606,5479,3,259,45665.08,1,4,3,143,0
607,9031,40,11,8392.02,4,4,4,444,0
608,5399,7,377,61786.04,3,3,2,332,0
609,6130,3,2388,249399.59,1,1,1,111,0
610,6195,0,1102,231530.89,1,2,1,121,0
611,5768,59,146,22139.03,4,4,4,444,2
612,5738,3,301,45552.64,1,3,3,133,0
613,4998,0,694,89835.69,1,2,2,122,0
614,4489,7,566,74180.3,3,2,2,322,0
615,6012,4,246,32931.14,2,4,3,243,0
616,5776,14,181,26514.78,4,4,4,444,0
617,5824,0,193,23479.11,1,4,4,144,0
618,5573,14,410,53502.29,4,3,3,433,0
619,4146,6,764,165422.51,3,2,1,321,0
620,3980,5,1954,326405.18,2,1,1,211,0
621,4158,0,1306,188820.4,1,1,1,111,0
622,4107,3,1992,328009.46,1,1,1,111,0
623,3712,3,1919,131170.47,1,1,2,112,0
624,4021,5,1183,203848.66,2,2,1,221,0
625,5340,0,1202,76238.15,1,2,2,122,0
626,4756,27,92,19886.28,4,4,4,444,0
627,6015,46,113,17600.88,4,4,4,444,2
628,5351,6,3429,809302.79,3,1,1,311,3
629,5979,13,324,29637.28,4,3,4,434,0
630,5307,6,1119,233805.21,3,2,1,321,0
631,4014,6,1019,162686.36,3,2,1,321,0
632,4644,7,441,51682.58,3,3,3,333,0
633,6008,6,659,145095.24,3,2,2,322,0
634,5649,6,645,46069.65,3,2,3,323,0
635,4273,3,4263,113837.24,1,1,2,112,3
636,4186,3,893,149018.34,1,2,2,122,0
637,3774,0,783,90514.67,1,2,2,122,0
638,5230,5,1414,390838.36,2,1,1,211,0
639,4495,0,586,89116.22,1,2,2,122,0
640,4446,4,1370,96831.17,2,1,2,212,0
641,5418,5,333,47254.9,2,3,3,233,0
642,5836,19,101,14046.11,4,4,4,444,0
643,2616,0,7167,1070299.39,1,1,1,111,3
644,5756,10,330,21849.29,3,3,4,334,0
645,4968,62,135,21504.2,4,4,4,444,2
646,4640,5,861,242920.15,2,2,1,221,0
647,4490,0,637,96247.39,1,2,2,122,0
648,5228,13,262,41400.25,4,4,3,443,0
649,4712,28,240,30921.34,4,4,4,444,0
650,4404,5,699,47501.41,2,2,3,223,0
651,5574,3,613,66962.32,1,2,2,122,0
652,5191,3,242,22758.03,1,4,4,144,0
653,5950,3,260,34432.48,1,4,3,143,0
654,2668,3,543,51639.86,1,3,3,133,0
655,4378,3,1267,77630.54,1,1,2,112,0
656,5919,3,153,22463.59,1,4,4,144,0
657,5102,0,6810,3331712.92,1,1,1,111,3
658,3625,5,2917,555442.54,2,1,1,211,0
659,6293,12,115,12660.25,4,4,4,444,0
660,5628,5,570,118085.02,2,2,2,222,0
661,3997,6,651,118209.03,3,2,2,322,0
662,4624,12,443,28832.23,4,3,4,434,0
663,4405,5,614,42152.31,2,2,3,223,0
664,6136,6,1093,135387.42,3,2,2,322,0
665,6268,6,1796,160160.82,3,1,1,311,0
666,4239,5,1383,286172.89,2,1,1,211,0
667,6314,3,96,10398.43,1,4,4,144,0
668,4868,3,946,65785.26,1,2,2,122,0
669,6028,3,684,68417.24,1,2,2,122,0
670,2690,35,32,1641.82,4,4,4,444,0
671,4395,6,670,57520.53,3,2,2,322,0
672,5107,4,1714,55450.04,2,1,3,213,0
673,5467,3,274,37332.54,1,3,3,133,0
674,6098,5,276,29099.02,2,3,4,234,0
675,4552,7,672,65286.53,3,2,2,322,0
676,3930,6,683,150939.17,3,2,2,322,0
677,2637,6,6740,798675.13,3,1,1,311,3
678,5501,4,1643,104260.48,2,1,2,212,0
679,4601,3,890,50777.81,1,2,3,123,0
680,6317,17,143,17019.11,4,4,4,444,0
681,5257,3,2628,682813.23,1,1,1,111,0
682,3987,187,414,60964.27,4,3,2,432,1
683,2712,3,3080,463772.38,1,1,1,111,0
684,6338,3,827,94550.7,1,2,2,122,0
685,3721,3,2069,359746.06,1,1,1,111,0
686,3722,4,2517,450247.89,2,1,1,211,0
687,4775,3,495,40080.57,1,3,3,133,0
688,2710,45,344,12419.31,4,3,4,434,2
689,5724,17,257,39373.9,4,4,3,443,0
690,5068,5,4970,548619.96,2,1,1,211,3
691,4859,6,370,44894.45,3,3,3,333,0
692,5651,4,4189,304663.76,2,1,1,211,3
693,6181,12,182,15284.36,4,4,4,444,0
694,2673,5,3066,538710.28,2,1,1,211,0
695,5770,6,371,42720.95,3,3,3,333,0
696,4836,6,368,25582.23,3,3,4,334,0
697,4651,6,860,51384.9,3,2,3,323,0
698,5453,4,425,34169.51,2,3,3,233,0
699,5710,13,687,51410.78,4,2,3,423,0
700,5977,5,199,27663.05,2,4,4,244,0
701,5959,49,34,4987.74,4,4,4,444,2
702,5985,26,175,20625.41,4,4,4,444,0
703,5519,6,466,57924.71,3,3,2,332,0
704,3868,3,3310,622032.45,1,1,1,111,3
705,5521,3,772,66367.65,1,2,2,122,0
706,10042,3,289,13108.98,1,3,4,134,0
707,6269,0,1738,185587.78,1,1,1,111,0
708,6321,49,114,13145.12,4,4,4,444,2
709,3912,4,1483,74429.21,2,1,2,212,0
710,4364,41,361,25949.59,4,3,4,434,0
711,4312,5,3201,2797424.47,2,1,1,211,3
712,5441,0,2526,279037.48,1,1,1,111,0
713,6064,3,469,49728.91,1,3,3,133,0
714,5956,0,560,100575.27,1,3,2,132,0
715,4696,4,1167,44501.23,2,2,3,223,0
716,3882,21,467,47333.79,4,3,3,433,0
717,5593,0,812,139901.98,1,2,2,122,0
718,5630,6,441,63914.97,3,3,2,332,0
719,6167,18,200,25891.99,4,4,4,444,0
720,6134,82,86,5048.67,4,4,4,444,2
721,4006,6,557,120619.36,3,3,2,332,0
722,10003,6,395,46824.91,3,3,3,333,0
723,4621,266,57,6211.13,4,4,4,444,1
724,2611,5,3279,368942.53,2,1,1,211,0
725,2719,3,426,45400.31,1,3,3,133,0
726,5403,0,1045,116126.65,1,2,2,122,0
727,2106,4,2975,797562.91,2,1,1,211,0
728,5444,4,4035,641048.93,2,1,1,211,3
729,5400,48,109,12065.91,4,4,4,444,2
730,5091,0,1580,60627.58,1,1,2,112,0
731,5643,6,1736,76233.17,3,1,2,312,0
732,4472,4,583,64883.8,2,2,2,222,0
733,5436,0,2077,101735.13,1,1,2,112,0
734,6154,187,836,80474.73,4,2,2,422,1
735,5480,20,347,41092.69,4,3,3,433,0
736,5603,20,197,27403.17,4,4,4,444,0
737,5339,115,443,48788.81,4,3,3,433,2
738,2512,0,8138,4931713.22,1,1,1,111,3
739,2191,5,5095,1077085.23,2,1,1,211,3
740,5995,35,2094,227045.44,4,1,1,411,0
741,4555,47,241,36493.75,4,4,3,443,2
742,4456,6,1092,59084.2,3,2,2,322,0
743,5051,3,1559,139330.33,1,1,2,112,0
744,2459,3,1217,102592.03,1,1,2,112,0
745,10051,34,121,16118.0,4,4,4,444,0
746,5110,3,419,29261.08,1,3,4,134,0
747,5058,4,800,50437.12,2,2,3,223,0
748,5797,6,347,38804.02,3,3,3,333,0
749,4530,0,455,51674.31,1,3,3,133,0
750,5289,6,312,41982.92,3,3,3,333,0
751,2839,35,82,10358.68,4,4,4,444,0
752,4019,6,906,159205.56,3,2,1,321,0
753,5151,6,1686,200682.2,3,1,1,311,0
754,2591,3,3395,577447.57,1,1,1,111,3
755,4313,3,786,108157.64,1,2,2,122,0
756,4232,3,578,86642.72,1,2,2,122,0
757,2538,4,8672,950284.95,2,1,1,211,3
758,2684,5,1240,181963.71,2,1,1,211,0
759,4498,6,487,40250.86,3,3,3,333,0
760,5906,270,122,10792.2,4,4,4,444,1
761,10023,11,99,14080.25,3,4,4,344,0
762,6214,5,760,76197.12,2,2,2,222,0
763,5361,3,1255,82321.89,1,1,2,112,0
764,5910,0,1877,475050.17,1,1,1,111,0
765,5590,5,739,60283.88,2,2,2,222,0
766,4067,3,859,69347.79,1,2,2,122,0
767,5602,10,174,28691.28,3,4,4,344,0
768,5554,7,103,17960.86,3,4,4,344,0
769,10067,12,101,7043.42,4,4,4,444,0
770,3871,35,175,38656.26,4,4,3,443,0
771,6257,6,1130,136667.43,3,2,2,322,0
772,4664,3,340,52141.28,1,3,3,133,0
773,4891,6,1900,198776.79,3,1,1,311,0
774,4436,4,491,44798.5,2,3,3,233,0
775,5246,5,479,58556.01,2,3,2,232,0
776,6224,0,1523,179886.91,1,1,1,111,0
777,4944,6,244,33577.78,3,4,3,343,0
778,2666,4,8277,1628558.23,2,1,1,211,3
779,6262,0,1169,113288.42,1,2,2,122,0
780,2667,6,439,40787.35,3,3,3,333,0
781,4116,0,592,75302.18,1,2,2,122,0
782,5974,10,341,44510.23,3,3,3,333,0
783,4319,3,716,82681.32,1,2,2,122,0
784,5933,6,761,137016.02,3,2,2,322,0
785,4126,0,963,137257.32,1,2,2,122,0
786,6001,6,153,21793.86,3,4,4,344,0
787,6049,6,136,25069.38,3,4,4,344,0
788,5551,7,315,42660.75,3,3,3,333,0
789,5988,20,213,21288.87,4,4,4,444,0
790,4336,6,899,56192.24,3,2,3,323,0
791,5145,3,2295,413200.73,1,1,1,111,0
792,5425,0,1888,256216.41,1,1,1,111,0
793,4537,38,478,46989.45,4,3,3,433,0
794,4192,6,880,253171.71,3,2,1,321,0
795,4137,6,1048,135133.6,3,2,2,322,0
796,5835,33,227,32916.47,4,4,3,443,0
797,2695,17,168,16973.07,4,4,4,444,0
798,4521,21,226,32795.23,4,4,3,443,0
799,5056,10,225,38461.71,3,4,3,343,0
800,5205,0,845,37451.23,1,2,3,123,0
801,5563,0,1117,83406.77,1,2,2,122,0
802,6062,17,374,30515.8,4,3,4,434,0
803,5683,6,288,39661.83,3,3,3,333,0
804,10040,13,75,4363.53,4,4,4,444,0
805,5927,130,143,34361.85,4,4,3,443,2
806,5396,6,498,50590.19,3,3,3,333,0
807,4694,0,985,167180.8,1,2,1,121,0
808,4713,41,210,9502.13,4,4,4,444,0
809,2575,4,1322,201962.63,2,1,1,211,0
810,5951,3,391,69708.83,1,3,2,132,0
811,4973,6,1235,161306.22,3,1,1,311,0
812,6294,53,147,23451.44,4,4,4,444,2
813,4599,4,1721,89711.73,2,1,2,212,0
814,5331,13,344,38994.02,4,3,3,433,0
815,5902,0,894,137880.31,1,2,2,122,0
816,6070,0,219,13924.13,1,4,4,144,0
817,2843,26,224,28821.54,4,4,4,444,0
818,5675,83,44,4381.08,4,4,4,444,2
819,4781,0,247,38807.19,1,4,3,143,0
820,4967,0,2657,103463.02,1,1,2,112,0
821,2657,3,773,53531.72,1,2,3,123,0
822,5512,3,340,39806.85,1,3,3,133,0
823,3757,4,2799,503551.19,2,1,1,211,0
824,6206,6,2051,218173.2,3,1,1,311,0
825,5658,31,133,22223.38,4,4,4,444,0
826,3420,5,2470,2843324.71,2,1,1,211,3
827,4970,0,1051,72676.73,1,2,2,122,0
828,4677,0,731,2018944.37,1,2,1,121,0
829,4899,12,764,55146.25,4,2,3,423,0
830,4885,0,322,34954.3,1,3,3,133,0
831,4635,21,305,43416.81,4,3,3,433,0
832,6086,11,135,14084.24,3,4,4,344,0
833,5996,12,139,23341.67,4,4,4,444,0
834,3877,4,787,174397.2,2,2,1,221,0
835,2613,3,5438,1145277.71,1,1,1,111,3
836,4627,12,348,44133.47,4,3,3,433,0
837,5144,5,1961,2259136.27,2,1,1,211,0
838,3563,0,1628,253302.22,1,1,1,111,0
839,5532,0,246,36161.93,1,4,3,143,0
840,5314,0,2740,106167.13,1,1,2,112,0
841,3910,3,459,112187.45,1,3,2,132,0
842,4318,3,1286,162466.65,1,1,1,111,0
843,4374,3,1184,45134.72,1,2,3,123,0
844,5203,6,634,55471.59,3,2,3,323,0
845,5838,11,160,25266.46,3,4,4,344,0
846,5860,4,681,47753.99,2,2,3,223,0
847,4384,3,531,46712.27,1,3,3,133,0
848,5789,3,289,40347.7,1,3,3,133,0
849,6083,5,1093,141286.17,2,2,2,222,0
850,4459,5,1084,52660.78,2,2,3,223,0
851,2687,0,284,32081.09,1,3,3,133,0
852,5277,13,433,45781.59,4,3,3,433,0
853,3626,4,1666,295132.04,2,1,1,211,0
854,2625,0,5471,1330122.63,1,1,1,111,3
855,4983,3,158,22202.83,1,4,4,144,0
856,4656,4,457,52879.57,2,3,3,233,0
857,5264,12,494,68204.47,4,3,2,432,0
858,5555,0,974,124626.0,1,2,2,122,0
859,5898,48,86,12098.11,4,4,4,444,2
860,5832,21,75,10689.05,4,4,4,444,0
861,4706,42,52,11508.62,4,4,4,444,0
862,4535,7,456,62662.23,3,3,2,332,0
863,3713,4,1974,356980.78,2,1,1,211,0
864,4785,3,793,72646.06,1,2,2,122,0
865,5569,10,524,58722.13,3,3,2,332,0
866,2844,34,201,20325.64,4,4,4,444,0
867,3540,6,892,194361.15,3,2,1,321,0
868,5065,13,339,22209.43,4,3,4,434,0
869,6133,10,363,25555.74,3,3,4,334,0
870,5342,10,720,89193.64,3,2,2,322,0
871,2621,4,8149,1111296.14,2,1,1,211,3
872,6076,0,1118,189546.0,1,2,1,121,0
873,4382,4,1111,75860.67,2,2,2,222,0
874,4556,5,276,36635.62,2,3,3,233,0
875,5439,5,779,30080.89,2,2,4,224,0
876,5861,4,381,51216.46,2,3,3,233,0
877,5380,69,762,59738.26,4,2,2,422,2
878,5265,87,76,14009.67,4,4,4,444,2
879,5728,6,2123,405519.9,3,1,1,311,0
880,2661,6,3163,434891.79,3,1,1,311,0
881,2465,0,4402,725076.67,1,1,1,111,3
882,4960,0,863,287985.52,1,2,1,121,0
883,5973,6,264,27375.62,3,3,4,334,0
884,5562,17,289,43612.98,4,3,3,433,0
885,5529,0,316,20922.1,1,3,4,134,0
886,6244,62,248,28878.72,4,4,4,444,2
887,5862,235,60,4192.38,4,4,4,444,1
888,4184,0,808,108527.21,1,2,2,122,0
889,2500,5,4562,897830.01,2,1,1,211,3
890,2566,3,2004,341499.32,1,1,1,111,0
891,4641,3,957,92170.94,1,2,2,122,0
892,5975,3,391,41488.09,1,3,3,133,0
893,6166,178,748,74814.55,4,2,2,422,1
894,4551,17,523,55456.28,4,3,3,433,0
895,4720,10,383,57024.03,3,3,2,332,0
896,5217,3,148,12034.67,1,4,4,144,0
897,4779,3,222,38947.66,1,4,3,143,0
898,3917,5,1840,98540.47,2,1,2,212,0
899,6032,14,284,29806.89,4,3,4,434,0
900,10059,12,18,3849.14,4,4,4,444,0
901,2502,3,8685,1805732.97,1,1,1,111,3
902,5484,4,408,60372.87,2,3,2,232,0
903,4697,6,1403,398134.09,3,1,1,311,0
904,6126,3,1329,182061.7,1,1,1,111,0
905,5968,10,267,30840.55,3,3,4,334,0
906,6085,31,270,19931.4,4,3,4,434,0
907,5667,28,133,17197.44,4,4,4,444,0
908,2635,0,5650,1249410.54,1,1,1,111,3
909,5612,13,243,32512.56,4,4,3,443,0
910,4231,6,1009,216248.69,3,2,1,321,0
911,4981,20,251,29496.47,4,4,4,444,0
912,5989,13,400,25028.25,4,3,4,434,0
913,6071,0,540,127760.95,1,3,2,132,0
914,5209,35,121,19885.92,4,4,4,444,0
915,3896,230,263,12992.78,4,3,4,434,1
916,6054,6,1637,335076.86,3,1,1,311,0
917,4191,5,604,86570.97,2,2,2,222,0
918,6051,3,245,33126.5,1,4,3,143,0
919,5716,0,552,45732.01,1,3,3,133,0
920,4385,13,686,35196.14,4,2,3,423,0
921,4902,6,1104,145293.59,3,2,2,322,0
922,4275,3,949,212049.18,1,2,1,121,0
923,4346,3,1866,94465.64,1,1,2,112,0
924,4368,4,547,49254.28,2,3,3,233,0
925,4596,3,1341,54227.8,1,1,3,113,0
926,4811,3,261,34098.12,1,4,3,143,0
927,6050,3,469,43726.42,1,3,3,133,0
928,5963,12,342,35121.32,4,3,3,433,0
929,5417,0,982,93198.36,1,2,2,122,0
930,5827,5,282,46229.03,2,3,3,233,0
931,4571,21,295,43286.81,4,3,3,433,0
932,5483,123,132,10691.11,4,4,4,444,2
933,4301,0,1622,414298.84,1,1,1,111,0
934,4169,3,5029,349070.07,1,1,1,111,3
935,5558,3,435,52390.7,1,3,3,133,0
936,4643,10,117,24159.68,3,4,4,344,0
937,5879,11,223,29106.08,3,4,4,344,0
938,6239,6,1095,105413.1,3,2,2,322,0
939,4711,105,85,11700.89,4,4,4,444,2
940,9002,5,42,116847.12,2,4,2,242,0
941,6332,7,138,16085.29,3,4,4,344,0
942,2582,4,4695,623855.73,2,1,1,211,3
943,5197,6,1829,80338.75,3,1,2,312,0
944,5848,6,257,15299.85,3,4,4,344,0
945,5931,6,398,44377.94,3,3,3,333,0
946,5983,3,115,15213.54,1,4,4,144,0
947,9049,5,7,12263.4,2,4,4,244,0
948,4739,18,82,17239.14,4,4,4,444,0
949,3390,5,5218,1481016.59,2,1,1,211,3
950,6201,0,1320,177674.23,1,1,1,111,0
951,2688,10,212,23330.7,3,4,4,344,0
952,5803,4,964,79628.4,2,2,2,222,0
953,4513,3,728,79820.29,1,2,2,122,0
954,4780,12,277,47991.78,4,3,3,433,0
955,4788,49,120,23341.5,4,4,4,444,2
956,6220,4,391,55471.39,2,3,3,233,0
957,5420,0,344,35953.27,1,3,3,133,0
958,5506,7,277,25325.79,3,3,4,334,0
959,4945,224,288,10682.13,4,3,4,434,1
960,2627,4,2023,330495.91,2,1,1,211,0
961,5623,3,1872,298651.25,1,1,1,111,0
962,6129,4,3680,261065.93,2,1,1,211,3
963,4380,0,341,28315.95,1,3,4,134,0
964,5557,3,456,47235.42,1,3,3,133,0
965,5118,0,178,16863.49,1,4,4,144,0
966,6114,26,65,8014.46,4,4,4,444,0
967,6011,4,290,39622.75,2,3,3,233,0
968,2579,6,1424,293385.68,3,1,1,311,0
969,6108,3,2202,264407.73,1,1,1,111,0
970,2851,45,73,13510.08,4,4,4,444,2
971,4605,10,726,47587.36,3,2,3,323,0
972,5184,0,815,60923.13,1,2,2,122,0
973,5726,3,2203,106720.83,1,1,2,112,0
974,4285,6,1277,207887.83,3,1,1,311,0
975,4202,4,976,181366.49,2,2,1,221,0
976,5295,6,382,56053.08,3,3,3,333,0
977,4999,0,887,44109.32,1,2,3,123,0
978,5055,4,186,21497.44,2,4,4,244,0
979,6061,0,1027,103821.54,1,2,2,122,0
980,4735,53,120,24453.18,4,4,4,444,2
981,6169,117,591,43630.32,4,2,3,423,2
982,5542,21,363,50745.43,4,3,3,433,0
983,6211,6,46,5860.59,3,4,4,344,0
984,6236,0,7346,383143.99,1,1,1,111,3
985,5244,6,2934,398031.06,3,1,1,311,0
986,5805,0,228,28865.43,1,4,4,144,0
987,4933,3,158,15149.82,1,4,4,144,0
988,4450,3,1241,55489.23,1,1,3,113,0
989,4190,0,1457,170130.83,1,1,1,111,0
990,5268,3,1028,59751.31,1,2,2,122,0
991,3465,3,1449,138878.71,1,1,2,112,0
992,4505,4,1682,64355.36,2,1,2,212,0
993,5762,5,397,36068.87,2,3,3,233,0
994,3881,6,2656,565742.5,3,1,1,311,0
995,4161,5,1023,154630.87,2,2,1,221,0
996,4110,0,913,128133.72,1,2,2,122,0
997,5841,3,444,35848.18,1,3,3,133,0
998,5718,6,277,43284.2,3,3,3,333,0
999,4915,21,324,58975.24,4,3,2,432,0
1000,5837,5,237,32570.9,2,4,3,243,0
1001,5795,0,213,34763.54,1,4,3,143,0
1002,6034,5,276,39744.63,2,3,3,233,0
1003,4602,31,748,95408.2,4,2,2,422,0
1004,6040,6,617,78575.07,3,2,2,322,0
1005,5720,13,282,53237.35,4,3,3,433,0
1006,5388,0,458,63696.25,1,3,2,132,0
1007,10065,0,267,100564.78,1,3,2,132,0
1008,4493,7,348,49353.15,3,3,3,333,0
1009,5978,5,146,19564.85,2,4,4,244,0
1010,4689,40,96,12049.9,4,4,4,444,0
1011,4311,3,926,169553.39,1,2,1,121,0
1012,4754,41,88,16654.92,4,4,4,444,0
1013,5766,0,514,51884.58,1,3,3,133,0
1014,5819,0,73,13155.52,1,4,4,144,0
1015,4810,12,1101,55681.55,4,2,3,423,0
1016,3769,4,2846,528246.77,2,1,1,211,0
1017,5821,3,287,42718.35,1,3,3,133,0
1018,5754,10,284,52903.6,3,3,3,333,0
1019,5300,10,194,32852.4,3,4,3,343,0
1020,6044,14,338,39883.98,4,3,3,433,0
1021,5276,3,178,26813.5,1,4,4,144,0
1022,3907,0,1195,47106.73,1,2,3,123,0
1023,4858,24,128,9644.96,4,4,4,444,0
1024,4745,21,147,26579.22,4,4,4,444,0
1025,2686,4,236,28534.84,2,4,4,244,0
1026,10035,0,703,35035.44,1,2,3,123,0
1027,3763,6,500,55165.37,3,3,3,333,0
1028,4427,27,666,26683.97,4,2,4,424,0
1029,2629,5,8522,1505955.63,2,1,1,211,3
1030,3899,5,3143,573674.88,2,1,1,211,0
1031,2507,3,1395,210947.76,1,1,1,111,0
1032,3880,11,599,109354.26,3,2,2,322,0
1033,5200,12,201,28048.32,4,4,4,444,0
1034,4533,0,268,49366.44,1,3,3,133,0
1035,5888,0,974,78506.52,1,2,2,122,0
1036,5940,12,408,29888.86,4,3,4,434,0
1037,3901,3,361,80552.86,1,3,2,132,0
1038,4622,3,1613,77032.29,1,1,2,112,0
1039,6055,10,335,36546.47,3,3,3,333,0
1040,2584,5,2483,220255.08,2,1,1,211,0
1041,2636,4,3271,603368.06,2,1,1,211,0
1042,2658,3,975,143949.34,1,2,2,122,0
1043,5708,0,1071,127667.7,1,2,2,122,0
1044,5914,6,570,83363.68,3,2,2,322,0
1045,5552,4,365,56644.03,2,3,2,232,0
1046,5781,0,434,50847.67,1,3,3,133,0
1047,5691,6,1055,357588.99,3,2,1,321,0
1048,5991,24,156,15430.26,4,4,4,444,0
1049,3456,4,5321,575466.4,2,1,1,211,3
1050,2233,5,1507,201354.78,2,1,1,211,0
1051,6026,19,260,25624.03,4,4,4,444,0
1052,5216,3,236,34325.32,1,4,3,143,0
1053,5794,0,374,42611.95,1,3,3,133,0
1054,5737,3,321,66161.27,1,3,2,132,0
1055,2600,5,1048,175146.62,2,2,1,221,0
1056,3943,4,2169,129877.87,2,1,2,212,0
1057,5333,3,1260,134035.05,1,1,2,112,0
1058,6072,0,1185,157488.89,1,2,1,121,0
1059,5618,7,836,62405.76,3,2,2,322,0
1060,5382,11,639,58338.51,3,2,2,322,0
1061,5976,10,260,41058.99,3,4,3,343,0
1062,10057,4,158,19360.02,2,4,4,244,0
1063,4203,6,1816,233550.13,3,1,1,311,0
1064,5648,4,314,64908.99,2,3,2,232,0
1065,5435,12,815,60743.44,4,2,2,422,0
1066,10028,3,218,28554.63,1,4,4,144,0
1067,4655,12,481,37914.22,4,3,3,433,0
1068,4070,0,1823,170641.08,1,1,1,111,0
1069,5255,0,369,83548.72,1,3,2,132,0
1070,4746,21,78,6565.76,4,4,4,444,0
1071,2665,4,7338,1932931.17,2,1,1,211,3
1072,2593,4,4998,1159148.66,2,1,1,211,3
1073,2672,6,1122,216687.99,3,2,1,321,0
1074,6175,10,277,16307.96,3,3,4,334,0
1075,5239,10,247,30785.84,3,4,4,344,0
1076,5452,31,129,17749.4,4,4,4,444,0
1077,6190,6,1676,170181.5,3,1,1,311,0
1078,5100,0,816,161123.04,1,2,1,121,0
1079,4491,11,442,65899.94,3,3,2,332,0
1080,5207,0,1994,323873.05,1,1,1,111,0
1081,3756,6,1894,96493.99,3,1,2,312,0
1082,3818,114,2320,116325.41,4,1,2,412,2
1083,2679,4,1703,109844.74,2,1,2,212,0
1084,4051,0,1558,266879.71,1,1,1,111,0
1085,4824,3,598,97236.46,1,2,2,122,0
1086,5807,3,248,26442.78,1,4,4,144,0
1087,5846,0,1204,190674.7,1,2,1,121,0
1088,6318,13,297,17595.0,4,3,4,434,0
1089,5901,28,1102,161557.03,4,2,1,421,0
1090,3806,0,1068,260831.16,1,2,1,121,0
1091,5604,4,574,55610.55,2,2,3,223,0
1092,5920,18,965,61271.44,4,2,2,422,0
1093,5114,6,394,56174.21,3,3,3,333,0
1094,5909,0,940,96876.49,1,2,2,122,0
1095,5446,293,62,7248.83,4,4,4,444,1
1096,5198,0,1984,281968.42,1,1,1,111,0
1097,6228,97,585,90776.74,4,2,2,422,2
1098,4228,3,1041,189118.65,1,2,1,121,0
1099,5411,3,805,109175.13,1,2,2,122,0
1100,4000,6,1882,90748.61,3,1,2,312,0
1101,5535,6,415,38064.82,3,3,3,333,0
1102,2716,7,547,93790.99,3,3,2,332,0
1103,4559,0,1319,160436.51,1,1,1,111,0
1104,6099,12,605,35711.39,4,2,3,423,0
1105,6284,13,351,43249.4,4,3,3,433,0
1106,9051,116,1,180.0,4,4,4,444,2
1107,3628,5,1000,182609.55,2,2,1,221,0
1108,5410,6,216,30426.19,3,4,4,344,0
1109,2513,5,3677,428525.43,2,1,1,211,3
1110,6283,0,305,29592.13,1,3,4,134,0
1111,5514,6,3241,540837.5,3,1,1,311,0
1112,2806,0,2058,287012.96,1,1,1,111,0
1113,4452,6,1677,183365.65,3,1,1,311,0
1114,5073,4,700,152942.6,2,2,1,221,0
1115,5021,19,279,27982.81,4,3,4,434,0
1116,6258,5,857,123170.63,2,2,2,222,0
1117,2506,3,7193,1050235.36,1,1,1,111,3
1118,5177,10,275,42068.78,3,3,3,333,0
1119,2713,3,561,148872.3,1,2,2,122,0
1120,2619,0,7329,1817763.19,1,1,1,111,3
1121,2674,3,361,34322.63,1,3,3,133,0
1122,5616,13,497,31838.34,4,3,3,433,0
1123,5763,5,306,31094.03,2,3,3,233,0
1124,4982,7,192,26386.08,3,4,4,344,0
1125,2692,125,29,4487.7,4,4,4,444,2
1126,5808,4,402,34993.56,2,3,3,233,0
1127,5294,13,72,8669.47,4,4,4,444,0
1128,6016,3,221,32681.53,1,4,3,143,0
1129,5463,3,769,138948.46,1,2,2,122,0
1130,3417,0,2951,263862.16,1,1,1,111,0
1131,6223,6,1274,308852.26,3,1,1,311,0
1132,4797,3,106,21989.52,1,4,4,144,0
1133,4554,20,268,27727.68,4,3,4,434,0
1134,5336,28,221,21702.69,4,4,4,444,0
1135,4760,6,321,57718.02,3,3,2,332,0
1136,5597,0,1677,336867.58,1,1,1,111,0
1137,2190,0,10948,1957579.48,1,1,1,111,3
1138,5620,7,407,58590.74,3,3,2,332,0
1139,4401,3,368,38495.39,1,3,3,133,0
1140,6198,63,799,53759.56,4,2,3,423,2
1141,3870,4,471,104227.86,2,3,2,232,0
1142,4480,7,335,48266.01,3,3,3,333,0
1143,4253,6,1018,171653.11,3,2,1,321,0
1144,4668,4,754,96830.16,2,2,2,222,0
1145,5971,78,3609,165078.56,4,1,1,411,2
1146,5717,11,446,56896.66,3,3,2,332,0
1147,3973,4,1979,312138.22,2,1,1,211,0
1148,4412,7,434,40831.92,3,3,3,333,0
1149,6117,5,840,74368.79,2,2,2,222,0
1150,5568,5,338,30131.89,2,3,4,234,0
1151,4962,0,1160,243229.42,1,2,1,121,0
1152,3690,6,602,119751.27,3,2,2,322,0
1153,6246,13,304,40218.98,4,3,3,433,0
1154,5394,10,183,33347.99,3,4,3,343,0
1155,5749,14,166,21880.58,4,4,4,444,0
1156,5982,4,270,32967.45,2,3,3,233,0
1157,6291,24,77,9395.53,4,4,4,444,0
1158,4660,4,441,93926.66,2,3,2,232,0
1159,2523,10,1649,255917.28,3,1,1,311,0
1160,4353,4,445,43736.28,2,3,3,233,0
1161,5428,4,249,40046.98,2,4,3,243,0
1162,4406,5,638,80254.24,2,2,2,222,0
1163,4610,7,196,22605.69,3,4,4,344,0
1164,10004,0,129,17123.54,1,4,4,144,0
1165,9010,32,8,4248.96,4,4,4,444,0
1166,2643,5,5658,600888.17,2,1,1,211,3
1167,6253,66,118,15444.31,4,4,4,444,2
1168,3928,6,1742,60674.39,3,1,2,312,0
1169,4023,3,1490,251780.1,1,1,1,111,0
1170,5397,0,763,77985.43,1,2,2,122,0
1171,6162,12,1025,109912.56,4,2,2,422,0
1172,9041,5,134,43047.9,2,4,3,243,0
1173,4636,19,253,21377.84,4,4,4,444,0
1174,10046,13,195,13333.5,4,4,4,444,0
1175,4172,0,489,54639.95,1,3,3,133,0
1176,2650,6,3724,542563.88,3,1,1,311,3
1177,3704,5,3707,252505.18,2,1,1,211,3
1178,4630,5,708,191114.97,2,2,1,221,0
1179,4678,3,1203,280711.93,1,2,1,121,0
1180,5815,0,1127,135924.34,1,2,2,122,0
1181,2675,5,7151,1253674.02,2,1,1,211,3
1182,4855,34,271,32209.22,4,3,3,433,0
1183,5549,10,323,48882.88,3,3,3,333,0
1184,4361,3,1450,73050.75,1,1,2,112,0
1185,2623,6,4978,969623.46,3,1,1,311,3
1186,4568,6,1254,190648.36,3,1,1,311,0
1187,5387,3,290,46928.1,1,3,3,133,0
1188,3872,3,319,68711.58,1,3,2,132,0
1189,5585,10,276,46700.56,3,3,3,333,0
1190,4777,5,279,35009.65,2,3,3,233,0
1191,2715,6,355,88029.72,3,3,2,332,0
1192,3654,12,267,45246.2,4,3,3,433,0
1193,5882,6,888,29958.84,3,2,4,324,0
1194,2670,0,9420,2127184.7,1,1,1,111,3
1195,4194,5,1076,143686.23,2,2,2,222,0
1196,2653,0,1789,399916.88,1,1,1,111,0
1197,4897,3,1407,121797.26,1,1,2,112,0
1198,10044,10,78,9989.1,3,4,4,344,0
1199,5814,7,451,45000.13,3,3,3,333,0
1200,5779,19,244,39304.2,4,4,3,443,0
1201,3678,3,999,128016.39,1,2,2,122,0
1202,4783,5,349,38809.74,2,3,3,233,0
1203,5138,0,960,39081.83,1,2,3,123,0
1204,6226,0,670,74461.11,1,2,2,122,0
1205,4507,12,377,40712.99,4,3,3,433,0
1206,4248,6,457,107214.66,3,3,2,332,0
1207,3873,5,721,158040.39,2,2,1,221,0
1208,3065,3,910,66459.04,1,2,2,122,0
1209,4732,3,296,43728.31,1,3,3,133,0
1210,6303,3,1895,250251.08,1,1,1,111,0
1211,5777,3,686,65627.42,1,2,2,122,0
1212,5423,6,4633,290703.78,3,1,1,311,3
1213,2594,4,4691,833587.91,2,1,1,211,3
1214,10036,0,519,86243.83,1,3,2,132,0
1215,5997,5,159,22596.93,2,4,4,244,0
1216,5317,13,518,70587.93,4,3,2,432,0
1217,5638,13,169,25120.17,4,4,4,444,0
1218,6027,5,409,63058.1,2,3,2,232,0
1219,5659,55,115,13072.79,4,4,4,444,2
1220,3918,0,1072,67153.95,1,2,2,122,0
1221,5381,10,164,21508.59,3,4,4,344,0
1222,5146,5,1195,493523.19,2,2,1,221,0
1223,6233,0,989,115918.02,1,2,2,122,0
1224,2501,5,7034,1840342.5,2,1,1,211,3
1225,6272,7,185,33538.47,3,4,3,343,0
1226,5935,3,277,38355.75,1,3,3,133,0
1227,5785,3,343,45409.45,1,3,3,133,0
1228,6157,19,151,21968.28,4,4,4,444,0
1229,3859,6,970,181764.1,3,2,1,321,0
1230,5222,0,1380,232159.75,1,1,1,111,0
1231,3542,0,604,68478.3,1,2,2,122,0
1232,6341,10,141,25023.37,3,4,4,344,0
1233,2614,0,8084,1661611.05,1,1,1,111,3
1234,5765,0,209,33207.94,1,4,3,143,0
1235,4487,5,623,88311.84,2,2,2,222,0
1236,5780,52,288,37455.39,4,3,3,433,2
1237,4156,6,1615,215071.03,3,1,1,311,0
1238,6263,6,1083,131608.52,3,2,2,322,0
1239,5631,3,409,67145.85,1,3,2,132,0
1240,4092,3,1641,570821.11,1,1,1,111,0
1241,4098,5,923,148434.87,2,2,2,222,0
1242,6290,0,1055,78677.73,1,2,2,122,0
1243,5646,0,1693,232678.03,1,1,1,111,0
1244,5687,7,683,75902.01,3,2,2,322,0
1245,6187,5,293,49188.91,2,3,3,233,0
1246,5419,13,292,26487.7,4,3,4,434,0
1247,6259,12,39,7703.28,4,4,4,444,0
1248,5921,4,244,24416.51,2,4,4,244,0
1249,5812,19,227,32717.12,4,4,3,443,0
1250,9037,12,40,25938.0,4,4,4,444,0
1251,5344,27,521,78573.89,4,3,2,432,0
1252,4337,6,946,120577.15,3,2,2,322,0
1253,2560,3,7859,1130637.91,1,1,1,111,3
1254,5507,3,1240,67277.19,1,1,2,112,0
1255,4056,38,87,18471.84,4,4,4,444,0
1256,6005,4,397,59337.74,2,3,2,232,0
1257,5237,3,806,127095.53,1,2,2,122,0
1258,4091,4,947,269213.74,2,2,1,221,0
1259,5530,20,150,25883.24,4,4,4,444,0
1260,10050,5,337,19182.31,2,3,4,234,0
1261,4185,6,1551,220240.94,3,1,1,311,0
1262,6146,3,980,99421.1,1,2,2,122,0
1263,2553,3,2177,245173.96,1,1,1,111,0
1264,4424,10,307,40338.15,3,3,3,333,0
1265,5970,38,150,13623.39,4,4,4,444,0
1266,5610,10,288,35181.92,3,3,3,333,0
1267,4727,81,91,18760.68,4,4,4,444,2
1268,4209,3,1881,367875.22,1,1,1,111,0
1269,5698,3,595,76358.36,1,2,2,122,0
1270,5375,3,1031,92824.87,1,2,2,122,0
1271,5465,4,1323,65666.67,2,1,2,212,0
1272,5680,10,285,35981.72,3,3,3,333,0
1273,5175,6,89,6164.74,3,4,4,344,0
1274,4707,35,36,4241.92,4,4,4,444,0
1275,6018,14,364,39230.64,4,3,3,433,0
1276,4143,12,562,109368.96,4,2,2,422,0
1277,5856,6,1551,100507.16,3,1,2,312,0
1278,3857,3,1893,243722.26,1,1,1,111,0
1279,4299,3,1176,137095.38,1,2,2,122,0
1280,6078,4,1451,62597.84,2,1,2,212,0
1281,5098,4,1275,257740.6,2,1,1,211,0
1282,5892,5,531,42643.47,2,3,3,233,0
1283,4733,4,313,55439.82,2,3,3,233,0
1284,6287,14,1213,151388.5,4,1,2,412,0
1285,2836,4,125,10218.71,2,4,4,244,0
1286,4558,6,1277,127819.11,3,1,2,312,0
1287,2606,3,3090,605468.95,1,1,1,111,0
1288,5148,3,270,56061.95,1,3,3,133,0
1289,10037,3,1246,50423.01,1,1,3,113,0
1290,4873,10,543,44190.87,3,3,3,333,0
1291,4011,3,1563,206686.31,1,1,1,111,0
1292,4252,3,726,132249.58,1,2,2,122,0
1293,2681,5,173,23637.21,2,4,4,244,0
1294,3717,13,931,51048.24,4,2,3,423,0
1295,4757,4,1349,89961.35,2,1,2,212,0
1296,4787,7,1125,56646.08,3,2,2,322,0
1297,6302,26,57,5677.86,4,4,4,444,0
1298,6165,0,273,33476.39,1,3,3,133,0
1299,6229,0,1918,358542.26,1,1,1,111,0
1300,5915,3,3416,184315.64,1,1,1,111,0
1301,6215,4,1489,239678.15,2,1,1,211,0
1302,6031,7,182,19653.65,3,4,4,344,0
1303,10024,7,143,20735.36,3,4,4,344,0
1304,3820,6,5805,1038955.62,3,1,1,311,3
1305,2624,3,4945,938547.35,1,1,1,111,3
1306,5225,6,584,34581.72,3,2,3,323,0
1307,5736,0,1115,219185.03,1,2,1,121,0
1308,4715,28,194,36096.06,4,4,3,443,0
1309,6274,47,141,8423.52,4,4,4,444,2
1310,4448,3,1094,37516.89,1,2,3,123,0
1311,5782,10,583,75079.4,3,2,2,322,0
1312,4102,4,1117,138967.64,2,2,2,222,0
1313,4637,7,566,40637.72,3,2,3,323,0
1314,5445,6,297,44971.74,3,3,3,333,0
1315,5591,12,532,46660.97,4,3,3,433,0
1316,5955,7,386,67126.14,3,3,2,332,0
1317,2837,13,268,24044.9,4,3,4,434,0
1318,3731,6,2471,426495.66,3,1,1,311,0
1319,3525,5,2923,656879.1,2,1,1,211,0
1320,5460,20,1581,59502.16,4,1,2,412,0
1321,5005,3,687,50666.82,1,2,3,123,0
1322,5155,144,398,53590.99,4,3,3,433,2
1323,10025,4,132,19850.42,2,4,4,244,0
1324,5760,0,193,20571.8,1,4,4,144,0
1325,5678,13,1808,229085.24,4,1,1,411,0
1326,5099,5,815,80594.58,2,2,2,222,0
1327,6053,3,184,24740.59,1,4,4,144,0
1328,4675,4,903,64545.27,2,2,2,222,0
1329,5932,41,61,14367.27,4,4,4,444,0
1330,6128,270,12,3213.54,4,4,4,444,1
1331,5511,13,499,30530.12,4,3,4,434,0
1332,5652,3,1458,222348.7,1,1,1,111,0
1333,5109,3,542,50441.32,1,3,3,133,0
1334,5987,6,278,41426.86,3,3,3,333,0
1335,5208,17,86,11978.57,4,4,4,444,0
1336,4042,3,240,40753.4,1,4,3,143,0
1337,5954,10,127,12798.38,3,4,4,344,0
1338,5541,13,461,56966.76,4,3,2,432,0
1339,5854,0,466,38708.17,1,3,3,133,0
1340,4068,0,2126,259229.49,1,1,1,111,0
1341,5798,5,244,32915.48,2,4,3,243,0
1342,3822,0,436,70188.06,1,3,2,132,0
1343,6174,7,973,64944.8,3,2,2,322,0
1344,5962,7,116,17638.81,3,4,4,344,0
1345,10081,0,22,623.15,1,4,4,144,0
1346,2544,6,6463,868614.66,3,1,1,311,3
1347,4149,6,829,106386.7,3,2,2,322,0
1348,4516,10,365,52829.78,3,3,3,333,0
1349,2445,3,1693,88196.89,1,1,2,112,0
1350,6279,14,174,26295.36,4,4,4,444,0
1351,5741,98,387,47875.71,4,3,3,433,2
1352,6014,4,115,14162.38,2,4,4,244,0
1353,4716,138,40,6508.62,4,4,4,444,2
1354,5731,6,1286,108523.26,3,1,2,312,0
1355,2529,5,2374,301313.59,2,1,1,211,0
1356,2528,0,5139,1087721.48,1,1,1,111,3
1357,4359,10,612,35422.57,3,2,3,323,0
1358,4654,3,550,46701.49,1,3,3,133,0
1359,5581,3,184,23865.39,1,4,4,144,0
1360,6030,6,547,52565.86,3,3,3,333,0
1361,4950,14,1241,64739.29,4,1,2,412,0
1362,6277,75,108,14505.62,4,4,4,444,2
1363,4799,38,156,30687.72,4,4,4,444,0
1364,4750,28,268,29412.22,4,3,4,434,0
1365,5635,5,931,67888.46,2,2,2,222,0
1366,5431,6,2350,203991.49,3,1,1,311,0
1367,4473,3,374,63718.54,1,3,2,132,0
1368,10029,4,990,75841.31,2,2,2,222,0
1369,6273,24,140,6028.58,4,4,4,444,0
1370,4684,6,595,83415.48,3,2,2,322,0
1371,6077,137,53,8323.07,4,4,4,444,2
1372,6231,89,72,9009.45,4,4,4,444,2
1373,6042,17,227,21862.58,4,4,4,444,0
1374,5159,0,378,36364.36,1,3,3,133,0
1375,5564,5,1057,103918.53,2,2,2,222,0
1376,4536,21,385,54413.29,4,3,3,433,0
1377,3841,7,664,31325.44,3,2,3,323,0
1378,6056,17,126,16112.18,4,4,4,444,0
1379,4938,6,390,35574.23,3,3,3,333,0
1380,4679,19,256,22611.9,4,4,4,444,0
1381,6017,18,132,16561.71,4,4,4,444,0
1382,2238,273,22,5589.49,4,4,4,444,1
1383,6312,7,173,17993.72,3,4,4,344,0
1384,5774,6,219,33297.27,3,4,3,343,0
1385,4932,4,951,94709.64,2,2,2,222,0
1386,4993,5,1545,103973.41,2,1,2,212,0
1387,5050,3,1242,193920.17,1,1,1,111,0
1388,5697,17,388,42941.65,4,3,3,433,0
1389,5409,3,823,59134.48,1,2,2,122,0
1390,4907,4,927,116134.12,2,2,2,222,0
1391,4553,7,321,41219.88,3,3,3,333,0
1392,4880,10,450,32411.03,3,3,3,333,0
1393,6138,13,107,10865.12,4,4,4,444,0
1394,4523,13,280,43937.94,4,3,3,433,0
1395,5981,4,361,49608.36,2,3,3,233,0
1396,5622,20,372,39552.69,4,3,3,433,0
1397,6296,26,84,9544.15,4,4,4,444,0
1398,6193,5,91,6662.56,2,4,4,244,0
1399,6184,265,14,3150.84,4,4,4,444,1
1400,5949,0,1798,327645.57,1,1,1,111,0
1401,4326,3,417,31384.5,1,3,3,133,0
1402,4453,12,394,31995.36,4,3,3,433,0
1403,4524,13,809,40383.47,4,2,3,423,0
1404,6289,25,159,37601.58,4,4,3,443,0
1405,4658,0,264,26929.31,1,3,4,134,0
1406,4129,5,7029,930020.04,2,1,1,211,3
1407,4260,6,1330,257553.79,3,1,1,311,0
1408,5386,12,353,56754.35,4,3,2,432,0
1409,5347,0,1346,82962.18,1,1,2,112,0
1410,4324,10,301,37696.94,3,3,3,333,0
1411,4766,21,244,22032.16,4,4,4,444,0
1412,4588,6,1707,273322.08,3,1,1,311,0
1413,2549,6,4618,1026543.19,3,1,1,311,3
1414,3830,3,1311,238637.99,1,1,1,111,0
1415,5671,3,846,108567.73,1,2,2,122,0
1416,5685,4,1238,192810.58,2,1,1,211,0
1417,5242,6,1264,62865.81,3,1,2,312,0
1418,5772,6,365,43790.96,3,3,3,333,0
1419,4351,4,160,14475.14,2,4,4,244,0
1420,5302,5,259,36695.54,2,4,3,243,0
1421,2663,4,4371,2692338.69,2,1,1,211,3
1422,6035,6,2895,563300.98,3,1,1,311,0
1423,5533,0,1253,309313.58,1,1,1,111,0
1424,2565,5,7122,824896.24,2,1,1,211,3
1425,5332,3,1115,79779.11,1,2,2,122,0
1426,6247,90,454,16861.83,4,3,4,434,2
1427,3831,3,1133,85576.6,1,2,2,122,0
1428,5301,5,224,35528.88,2,4,3,243,0
1429,4749,35,166,16309.1,4,4,4,444,0
1430,5391,4,205,31834.48,2,4,3,243,0
1431,4265,6,1852,305811.04,3,1,1,311,0
1432,3695,5,911,119218.41,2,2,2,222,0
1433,5534,13,749,105060.95,4,2,2,422,0
1434,6135,6,1221,135366.65,3,1,2,312,0
1435,4515,11,227,22549.33,3,4,4,344,0
1436,5822,5,430,49655.59,2,3,3,233,0
1437,4025,0,1120,87874.85,1,2,2,122,0
1438,5889,4,1418,157425.94,2,1,1,211,0
1439,5422,3,755,50859.09,1,2,3,123,0
1440,6242,0,5362,2087850.19,1,1,1,111,3
1441,5253,10,705,43456.22,3,2,3,323,0
1442,2697,6,1028,151162.76,3,2,2,322,0
1443,2228,6,2747,272094.61,3,1,1,311,0
1444,4910,6,1152,177217.1,3,2,1,321,0
1445,4230,0,776,110632.24,1,2,2,122,0
1446,4585,10,205,35867.18,3,4,3,343,0
1447,4700,0,565,35493.45,1,2,3,123,0
1448,5368,13,260,21096.63,4,4,4,444,0
1449,4743,5,1496,214219.53,2,1,1,211,0
1450,5405,13,443,48105.54,4,3,3,433,0
1451,3632,3,1916,312605.35,1,1,1,111,0
1452,5917,4,2756,419729.08,2,1,1,211,0
1453,5245,3,1526,154676.09,1,1,1,111,0
1454,5626,12,261,34057.75,4,4,3,443,0
1455,3644,4,2629,444986.67,2,1,1,211,0
1456,4135,5,1859,312664.83,2,1,1,211,0
1457,5876,5,830,104355.98,2,2,2,222,0
1458,5725,7,270,29512.01,3,3,4,334,0
1459,5992,5,186,20792.97,2,4,4,244,0
1460,2285,5,2896,607614.72,2,1,1,211,0
1461,6132,0,1839,295242.88,1,1,1,111,0
1462,5448,5,960,170006.22,2,2,1,221,0
1463,5202,6,196,26412.45,3,4,4,344,0
1464,6043,20,215,35499.18,4,4,3,443,0
1465,4518,0,717,78532.81,1,2,2,122,0
1466,6022,20,253,22685.98,4,4,4,444,0
1467,5999,0,305,38584.33,1,3,3,133,0
1468,6084,265,61,4442.85,4,4,4,444,1
1469,3698,3,879,139374.87,1,2,2,122,0
1470,5338,3,961,76238.32,1,2,2,122,0
1471,3964,3,752,56111.4,1,2,3,123,0
1472,2556,5,2552,351558.55,2,1,1,211,0
1473,4083,5,2658,263766.02,2,1,1,211,0
1474,5094,7,630,94402.19,3,2,2,322,0
1475,5447,146,250,32694.71,4,4,3,443,2
1476,4623,3,253,34727.43,1,4,3,143,0
1477,5611,10,332,42988.14,3,3,3,333,0
1478,4722,3,138,20893.35,1,4,4,144,0
1479,5488,6,152,22594.02,3,4,4,344,0
1480,6225,0,422,51469.48,1,3,3,133,0
1481,4705,62,224,34662.85,4,4,3,443,2
1482,4726,19,296,54181.5,4,3,3,433,0
1483,6199,0,736,40162.66,1,2,3,123,0
1484,5356,0,689,81652.04,1,2,2,122,0
1485,6073,0,1196,184480.55,1,2,1,121,0
1486,5702,3,652,110150.35,1,2,2,122,0
1487,4320,3,1395,218663.64,1,1,1,111,0
1488,5545,3,824,65574.34,1,2,2,122,0
1489,3732,3,2326,245033.32,1,1,1,111,0
1490,5141,7,168,29376.84,3,4,4,344,0
1491,2850,17,207,34625.3,4,4,3,443,0
1492,4861,0,632,47658.91,1,2,3,123,0
1493,4544,6,357,42358.45,3,3,3,333,0
1494,4991,108,121,15285.08,4,4,4,444,2
1495,4911,7,411,30183.62,3,3,4,334,0
1496,5531,80,169,14180.67,4,4,4,444,2
1497,5923,5,366,43217.68,2,3,3,233,0
1498,5315,5,3519,124836.04,2,1,2,212,3
1499,2622,5,4947,755694.98,2,1,1,211,3
1500,3825,4,787,140231.21,2,2,2,222,0
1501,4725,5,2054,149239.27,2,1,2,212,0
1502,3651,6,2122,380743.94,3,1,1,311,0
1503,5404,0,650,47377.15,1,2,3,123,0
1504,2559,10,603,92137.29,3,2,2,322,0
1505,6096,17,278,23332.89,4,3,4,434,0
1506,4433,172,354,22644.73,4,3,4,434,1
1507,5369,0,321,44092.14,1,3,3,133,0
1508,5895,10,89,16277.12,3,4,4,344,0
1509,5214,0,101,14932.94,1,4,4,144,0
1510,4541,0,210,19524.16,1,4,4,144,0
1511,10072,0,53,4899.97,1,4,4,144,0
1512,5751,10,163,24108.19,3,4,4,344,0
1513,5113,6,2678,297241.71,3,1,1,311,0
1514,3866,5,728,157668.41,2,2,1,221,0
1515,4634,131,136,12961.07,4,4,4,444,2
1516,6285,0,575,70664.83,1,2,2,122,0
1517,5395,3,201,35479.26,1,4,3,143,0
1518,3629,4,2443,392498.06,2,1,1,211,0
1519,6029,5,775,48953.1,2,2,3,223,0
1520,5752,3,264,33248.98,1,3,3,133,0
1521,4708,10,337,45481.38,3,3,3,333,0
1522,4105,4,1070,216718.4,2,2,1,221,0
1523,3645,5,2027,325119.5,2,1,1,211,0
1524,5758,3,514,42290.91,1,3,3,133,0
1525,5287,5,214,29999.52,2,4,4,244,0
1526,10019,6,252,39131.08,3,4,3,343,0
1527,5617,7,302,56487.32,3,3,2,332,0
1528,3934,0,1045,174599.4,1,2,1,121,0
1529,5664,4,308,51822.2,2,3,3,233,0
1530,5606,0,1016,164146.57,1,2,1,121,0
1531,2652,4,2388,344491.04,2,1,1,211,0
1532,4831,3,491,34708.98,1,3,3,133,0
1533,4774,12,427,46266.74,4,3,3,433,0
1534,5182,3,133,16763.48,1,4,4,144,0
1535,5980,41,109,15348.04,4,4,4,444,0
1536,5150,14,215,27481.94,4,4,4,444,0
1537,6197,5,912,171659.62,2,2,1,221,0
1538,2508,0,5149,684321.84,1,1,1,111,3
1539,5254,4,1426,175520.24,2,1,1,211,0
1540,6323,4,965,114097.78,2,2,2,222,0
1541,2567,6,2596,431243.3,3,1,1,311,0
1542,5327,3,1668,222578.69,1,1,1,111,0
1543,4514,3,540,65921.68,1,3,2,132,0
1544,4890,3,553,55903.87,1,3,3,133,0
1545,4728,20,546,50648.4,4,3,3,433,0
1546,4519,11,481,86993.93,3,3,2,332,0
1547,4004,5,2969,556744.87,2,1,1,211,0
1548,5670,7,557,92308.11,3,3,2,332,0
1549,4724,28,137,12359.74,4,4,4,444,0
1550,6342,4,452,74059.18,2,3,2,232,0
1551,5229,3,769,56941.12,1,2,2,122,0
1552,6178,0,886,193244.12,1,2,1,121,0
1553,5684,4,1313,148978.37,2,1,2,212,0
1554,4393,4,1058,47919.84,2,2,3,223,0
1555,4499,19,362,28187.73,4,3,4,434,0
1556,4468,21,132,18657.54,4,4,4,444,0
1557,6232,48,127,14978.22,4,4,4,444,2
1558,6142,279,210,13160.93,4,4,4,444,1
1559,4751,84,47,9821.52,4,4,4,444,2
1560,5926,104,294,64105.02,4,3,2,432,2
1561,6207,266,37,7647.39,4,4,4,444,1
1562,4978,6,980,119225.6,3,2,2,322,0
1563,3990,5,4727,337735.6,2,1,1,211,3
1564,4334,3,1480,290135.39,1,1,1,111,0
1565,10020,3,584,33399.93,1,2,3,123,0
1566,6158,45,361,61160.91,4,3,2,432,2
1567,5605,27,420,50853.7,4,3,3,433,0
1568,3647,0,1717,287251.98,1,1,1,111,0
1569,3664,0,2096,243472.1,1,1,1,111,0
1570,5609,6,473,53380.19,3,3,3,333,0
1571,5374,5,1074,209414.16,2,2,1,221,0
1572,6092,0,487,75755.58,1,3,2,132,0
1573,2721,7,765,23773.99,3,2,4,324,0
1574,10053,17,131,4602.37,4,4,4,444,0
1575,4250,0,747,96066.16,1,2,2,122,0
1576,6330,3,15,2028.91,1,4,4,144,0
1577,4603,262,30,3248.04,4,4,4,444,1
1578,10032,46,153,20514.8,4,4,4,444,2
1579,4755,214,47,8965.32,4,4,4,444,1
1580,4509,4,2681,300662.39,2,1,1,211,0
1581,3514,3,2547,297185.35,1,1,1,111,0
1582,6163,3,1141,107987.25,1,2,2,122,0
1583,6006,4,465,54036.67,2,3,3,233,0
1584,3488,0,1504,269667.05,1,1,1,111,0
1585,5583,10,355,58461.46,3,3,2,332,0
1586,5703,6,1041,170227.51,3,2,1,321,0
1587,4277,6,1615,271068.48,3,1,1,311,0
1588,5778,4,291,40100.67,2,3,3,233,0
1589,5608,20,232,28330.53,4,4,4,444,0
1590,5383,0,314,31332.19,1,3,3,133,0
1591,4747,0,212,19832.23,1,4,4,144,0
1592,4844,20,386,14312.75,4,3,4,434,0
1593,4136,3,1600,475476.8,1,1,1,111,0
1594,6316,0,1852,436064.17,1,1,1,111,0
1595,2568,0,1784,167160.7,1,1,1,111,0
1596,6255,41,274,44742.57,4,3,3,433,0
1597,5007,27,389,52221.3,4,3,3,433,0
1598,5823,62,310,48659.33,4,3,3,433,2
1599,6110,34,152,7345.52,4,4,4,444,0
1600,6153,257,22,2053.13,4,4,4,444,1
1601,2853,4,91,15845.94,2,4,4,244,0
1602,2595,6,2592,487513.74,3,1,1,311,0
1603,5711,20,106,16851.13,4,4,4,444,0
1604,4577,10,369,38797.27,3,3,3,333,0
1605,4467,0,1054,44349.45,1,2,3,123,0
1606,5547,3,265,33416.02,1,3,3,133,0
1607,4848,27,701,55486.03,4,2,3,423,0
1608,10048,13,127,17375.33,4,4,4,444,0
1609,4210,28,135,36088.32,4,4,3,443,0
1610,10060,4,239,25208.11,2,4,4,244,0
1611,5080,5,1931,235410.58,2,1,1,211,0
1612,6326,4,292,52910.65,2,3,3,233,0
1613,2607,3,2602,335307.99,1,1,1,111,0
1614,3461,3,1514,138074.0,1,1,2,112,0
1615,5565,5,817,88369.19,2,2,2,222,0
1616,5748,18,280,17369.01,4,3,4,434,0
1617,5223,3,578,51637.31,1,2,3,123,0
1618,2662,0,3522,596676.47,1,1,1,111,3
1619,4503,11,392,28976.75,3,3,4,334,0
1620,2689,14,169,26231.97,4,4,4,444,0
1621,4591,5,380,49339.58,2,3,3,233,0
1622,5232,13,245,21474.57,4,4,4,444,0
1623,5850,14,263,42936.36,4,3,3,433,0
1624,5343,6,1269,53514.55,3,1,3,313,0
1625,6202,4,785,132805.48,2,2,2,222,0
1626,6235,3,2737,251559.13,1,1,1,111,0
1627,4801,53,246,50650.92,4,4,3,443,2
1628,5206,0,862,94826.52,1,2,2,122,0
1629,5783,12,298,31048.55,4,3,4,434,0
1630,5918,48,240,40624.69,4,4,3,443,2
1631,6189,6,707,175398.42,3,2,1,321,0
1632,10074,0,13,17261.1,1,4,4,144,0
1633,6013,124,756,34092.8,4,2,3,423,2
1634,5800,6,1003,76465.79,3,2,2,322,0
1635,4119,4,345,71600.04,2,3,2,232,0
1636,4687,4,1395,60430.95,2,1,2,212,0
1637,4956,0,720,72927.56,1,2,2,122,0
1638,5806,26,150,14366.38,4,4,4,444,0
1639,5804,0,186,16338.91,1,4,4,144,0
1640,10070,0,125,13678.92,1,4,4,144,0
1641,3484,12,640,55954.1,4,2,3,423,0
1642,4876,10,1056,171083.77,3,2,1,321,0
1643,6271,5,482,75258.51,2,3,2,232,0
1644,5650,0,285,19918.58,1,3,4,134,0
1645,5354,0,351,34693.15,1,3,3,133,0
1646,4692,5,127,16901.34,2,4,4,244,0
1647,6266,13,415,52261.89,4,3,3,433,0
1648,5054,6,3590,379486.07,3,1,1,311,3
1649,5459,3,399,34308.49,1,3,3,133,0
1650,5496,0,988,180770.8,1,2,1,121,0
1651,4803,10,494,96866.4,3,3,2,332,0
1652,3679,3,1919,142935.37,1,1,2,112,0
1653,5373,24,324,33170.57,4,3,3,433,0
1654,5561,3,928,56033.0,1,2,3,123,0
1655,5743,5,905,70342.67,2,2,2,222,0
1656,5559,5,1146,159967.54,2,2,1,221,0
1657,6299,4,622,40273.97,2,2,3,223,0
1658,3805,0,1014,241302.76,1,2,1,121,0
1659,5775,13,341,52924.31,4,3,3,433,0
1660,4793,5,384,23943.14,2,3,4,234,0
1661,4645,24,182,21603.24,4,4,4,444,0
1662,5796,5,200,26864.88,2,4,4,244,0
1663,10018,20,158,19327.24,4,4,4,444,0
1664,4673,5,1094,157879.19,2,2,1,221,0
1665,6052,3,568,46183.45,1,2,3,123,0
1666,3592,3,2599,460952.28,1,1,1,111,0
1667,5478,3,354,50772.5,1,3,3,133,0
1668,6089,3,619,28725.21,1,2,4,124,0
1669,4578,12,317,43850.16,4,3,3,433,0
1670,6218,68,138,20850.27,4,4,4,444,2
1671,4419,24,235,20340.57,4,4,4,444,0
1672,5393,14,231,40352.04,4,4,3,443,0
1673,10061,5,101,4921.1,2,4,4,244,0
1674,2706,11,146,11514.4,3,4,4,344,0
1675,3932,6,1994,206801.88,3,1,1,311,0
1676,5279,4,582,52652.46,2,2,3,223,0
1677,3784,6,1417,148105.68,3,1,2,312,0
1678,4254,5,518,67290.09,2,3,2,232,0
1679,6331,0,1091,23880.3,1,2,4,124,0
1680,5825,10,414,52143.08,3,3,3,333,0
1681,4500,13,305,50017.3,4,3,3,433,0
1682,3710,17,57,12551.21,4,4,4,444,0
1683,3888,6,850,175780.22,3,2,1,321,0
1684,4674,4,975,70660.88,2,2,2,222,0
1685,6010,6,81,10369.92,3,4,4,344,0
1686,5715,6,492,35127.49,3,3,3,333,0
1687,2602,3,4243,487180.11,1,1,1,111,3
1688,5903,10,388,61154.59,3,3,2,332,0
1689,4183,3,1358,202565.04,1,1,1,111,0
1690,3916,3,992,43849.36,1,2,3,123,0
1691,5006,21,177,10539.54,4,4,4,444,0
1692,5089,6,608,51353.77,3,2,3,323,0
1693,5875,34,128,14777.45,4,4,4,444,0
1694,6241,6,159,15892.65,3,4,4,344,0
1695,4497,21,184,25302.27,4,4,4,444,0
1696,5871,13,854,161480.36,4,2,1,421,0
1697,5236,3,4002,433371.77,1,1,1,111,3
1698,4532,10,294,29682.51,3,3,4,334,0
1699,5077,3,1787,294659.99,1,1,1,111,0
1700,4428,4,1926,79663.58,2,1,2,212,0
1701,5070,0,1523,61635.29,1,1,2,112,0
1702,4872,5,919,65756.27,2,2,2,222,0
1703,5771,13,186,29708.96,4,4,4,444,0
1704,9039,12,43,159021.24,4,4,1,441,0
1705,6170,4,676,53764.61,2,2,3,223,0
1706,6295,5,327,43674.42,2,3,3,233,0
1707,5666,6,599,1299116.14,3,2,1,321,0
1708,5928,19,165,22600.95,4,4,4,444,0
1709,2585,5,2602,603922.11,2,1,1,211,0
1710,4103,4,1592,253658.0,2,1,1,211,0
1711,5945,0,381,47865.66,1,3,3,133,0
1712,3385,4,2396,2711642.61,2,1,1,211,3
1713,5801,3,165,19347.88,1,4,4,144,0
1714,5746,21,174,27193.87,4,4,4,444,0
1715,5039,0,373,50438.19,1,3,3,133,0
1716,4234,5,529,120650.3,2,3,2,232,0
1717,4657,6,442,42839.52,3,3,3,333,0
1718,6097,5,350,50693.9,2,3,3,233,0
1719,4396,6,269,35417.69,3,3,3,333,0
1720,10063,6,138,13757.89,3,4,4,344,0
1721,2722,35,30,5145.14,4,4,4,444,0
1722,5522,6,583,45159.69,3,2,3,323,0
1723,3890,0,2314,103100.43,1,1,2,112,0
1724,3776,0,1767,280251.49,1,1,1,111,0
1725,4001,0,1181,200164.98,1,2,1,121,0
1726,6000,0,1414,67284.74,1,1,2,112,0
1727,3528,4,572,118169.32,2,2,2,222,0
1728,4492,0,1228,125699.11,1,1,2,112,0
1729,4482,6,696,90068.29,3,2,2,322,0
1730,5263,6,1209,171005.15,3,1,1,311,0
1731,5477,3,207,37800.28,1,4,3,143,0
1732,4084,5,1369,279206.93,2,1,1,211,0
1733,4171,3,873,78482.64,1,2,2,122,0
1734,10034,3,198,28621.56,1,4,4,144,0
1735,4439,10,796,44097.7,3,2,3,323,0
1736,5851,3,237,24319.08,1,4,4,144,0
1737,2130,4,2764,1157402.66,2,1,1,211,0
1738,4898,0,908,77280.94,1,2,2,122,0
1739,4306,0,1365,68260.5,1,1,2,112,0
1740,5813,0,648,60204.75,1,2,2,122,0
1741,5944,49,86,12492.6,4,4,4,444,2
1742,5878,7,283,29139.61,3,3,4,334,0
1743,5759,10,229,25741.16,3,4,4,344,0
1744,5625,10,1063,61165.13,3,2,2,322,0
1745,6256,3,2691,265158.32,1,1,1,111,0
1746,9042,3,79,48830.4,1,4,3,143,0
1747,4893,4,631,75505.23,2,2,2,222,0
1748,2248,4,3411,442750.57,2,1,1,211,3
1749,5873,0,2376,289712.04,1,1,1,111,0
1750,5252,3,1095,108204.82,1,2,2,122,0
1751,4504,13,410,49025.29,4,3,3,433,0
1752,5489,12,335,33368.43,4,3,3,433,0
1753,5481,0,1094,279115.62,1,2,1,121,0
1754,6102,34,363,47277.2,4,3,3,433,0
1755,5681,6,1091,94494.37,3,2,2,322,0
1756,5810,5,382,36004.07,2,3,3,233,0
1757,5537,20,461,39160.78,4,3,3,433,0
1758,5964,10,285,44899.24,3,3,3,333,0
1759,6267,3,1502,144859.5,1,1,2,112,0
1760,2551,3,3987,442216.91,1,1,1,111,3
1761,6082,3,1252,81978.94,1,1,2,112,0
1762,5740,3,1242,147069.85,1,1,2,112,0
1763,4321,6,633,66920.79,3,2,2,322,0
1764,5858,17,332,46985.22,4,3,3,433,0
1765,4770,48,145,21627.58,4,4,4,444,2
1766,4153,6,1504,133813.38,3,1,2,312,0
1767,5293,5,4154,878115.92,2,1,1,211,3
1768,3562,3,2675,439088.09,1,1,1,111,0
1769,5868,24,854,80091.04,4,2,2,422,0
1770,4753,10,558,43363.6,3,3,3,333,0
1771,4155,3,608,160842.44,1,2,1,121,0
1772,4027,3,1123,179658.36,1,2,1,121,0
1773,5790,34,364,52951.81,4,3,3,433,0
1774,6148,6,1136,140939.94,3,2,2,322,0
1775,5526,5,2367,284935.44,2,1,1,211,0
1776,2517,5,3503,699042.61,2,1,1,211,3
1777,5235,3,661,54005.18,1,2,3,123,0
1778,2558,5,3977,693092.55,2,1,1,211,3
1779,6080,10,353,14181.18,3,3,4,334,0
1780,3749,0,1236,198878.48,1,1,1,111,0
1781,4853,11,795,47314.36,3,2,3,323,0
1782,6103,5,319,49384.96,2,3,3,233,0
1783,6328,41,150,23871.84,4,4,4,444,0
1784,4162,0,1306,246859.22,1,1,1,111,0
1785,6020,0,899,130796.95,1,2,2,122,0
1786,3886,3,1530,251243.89,1,1,1,111,0
1787,6105,14,265,18455.32,4,3,4,434,0
1788,6186,7,1806,206388.68,3,1,1,311,0
1789,4710,21,145,21767.27,4,4,4,444,0
1790,6095,3,1158,138296.61,1,2,2,122,0
1791,4152,6,4500,206509.71,3,1,1,311,3
1792,4718,11,137,27570.0,3,4,4,344,0
1793,5946,5,820,115351.42,2,2,2,222,0
1794,6286,0,394,54312.52,1,3,3,133,0
1795,6275,5,1313,138549.9,2,1,2,212,0
1796,5784,5,263,26249.86,2,3,4,234,0
1797,5540,6,375,43019.39,3,3,3,333,0
1798,10005,6,892,76687.45,3,2,2,322,0
1799,6260,189,8,526.66,4,4,4,444,1
1800,2656,3,1675,153674.01,1,1,1,111,0
1801,5108,0,1084,127484.02,1,2,2,122,0
1802,5767,17,133,16383.7,4,4,4,444,0
1803,5655,5,1390,196958.67,2,1,1,211,0
1804,4522,4,950,65676.21,2,2,2,222,0
1805,5358,4,560,56329.51,2,3,3,233,0
1806,4463,5,1322,105948.29,2,1,2,212,0
1807,6009,3,183,28525.62,1,4,4,144,0
1808,4338,174,29,9395.7,4,4,4,444,1
1809,5753,6,192,22519.98,3,4,4,344,0
1810,5900,6,1407,150925.88,3,1,2,312,0
1811,3829,4,1575,115250.99,2,1,2,212,0
1812,5844,3,517,60298.65,1,3,2,132,0
1813,4857,3,618,20605.1,1,2,4,124,0
1814,5126,95,1199,182693.19,4,2,1,421,2
1815,5335,5,1179,161923.88,2,2,1,221,0
1816,5548,7,306,34031.81,3,3,3,333,0
1817,4233,6,938,106349.16,3,2,2,322,0
1818,5319,42,864,106437.73,4,2,2,422,0
1819,5994,6,470,116157.24,3,3,2,332,0
1820,5171,48,100,34191.12,4,4,3,443,2
1821,6123,0,192,15288.1,1,4,4,144,0
1822,3719,6,1490,242352.68,3,1,1,311,0
1823,2539,0,3859,600661.33,1,1,1,111,3
1824,3842,5,2364,355263.99,2,1,1,211,0
1825,6060,7,1477,92347.22,3,1,2,312,0
1826,5389,13,140,21263.9,4,4,4,444,0
1827,4798,227,18,3492.78,4,4,4,444,1
1828,2548,5,6026,1470281.7,2,1,1,211,3
1829,5061,0,670,96982.06,1,2,2,122,0
1830,5371,5,636,102175.67,2,2,2,222,0
1831,2527,0,5125,983558.03,1,1,1,111,3
1832,4284,0,514,114270.79,1,3,2,132,0
1833,5296,31,123,22909.14,4,4,4,444,0
1834,4443,3,599,114462.75,1,2,2,122,0
1835,3782,3,877,102682.85,1,2,2,122,0
1836,3045,5,907,113841.53,2,2,2,222,0
1837,4543,3,450,47543.73,1,3,3,133,0
1838,4734,53,164,35960.49,4,4,3,443,2
1839,6230,7,61,18841.74,3,4,4,344,0
1840,4455,49,223,17408.05,4,4,4,444,2
1841,5260,216,65,8449.78,4,4,4,444,1
1842,2848,33,16,2237.88,4,4,4,444,0
1843,2518,3,2781,489935.53,1,1,1,111,0
1844,5462,0,826,120698.92,1,2,2,122,0
1845,5847,0,748,108086.77,1,2,2,122,0
1846,4790,17,417,15613.34,4,3,4,434,0
1847,5322,3,773,78532.37,1,2,2,122,0
1848,5826,12,378,58545.15,4,3,2,432,0
1849,3942,6,1675,278742.66,3,1,1,311,0
1850,10017,26,142,18576.29,4,4,4,444,0
1851,6039,13,266,38934.66,4,3,3,433,0
1852,2852,39,114,18357.84,4,4,4,444,0
1853,6297,17,113,16576.2,4,4,4,444,0
1854,5466,3,1445,197907.27,1,1,1,111,0
1855,5003,5,1470,269527.71,2,1,1,211,0
1856,4387,12,413,40446.33,4,3,3,433,0
1857,4527,10,232,19123.94,3,4,4,344,0
1858,2707,0,357,28671.97,1,3,4,134,0
1859,6063,11,267,40226.49,3,3,3,333,0
1860,2849,234,61,10725.12,4,4,4,444,1
1861,5504,6,1187,110842.36,3,2,2,322,0
1862,5916,3,8232,4650808.79,1,1,1,111,3
1863,5185,6,753,43221.9,3,2,3,323,0
1864,4496,4,749,47936.64,2,2,3,223,0
1865,5097,4,884,183209.63,2,2,1,221,0
1866,5539,18,476,52683.03,4,3,3,433,0
1867,4737,133,22,4275.54,4,4,4,444,2
1868,6298,17,83,11777.76,4,4,4,444,0
1869,2651,4,7327,953132.02,2,1,1,211,3
1870,5157,3,659,101873.25,1,2,2,122,0
1871,2515,4,8435,1459037.43,2,1,1,211,3
1872,5993,19,281,37555.32,4,3,3,433,0
1873,4795,4,487,80298.08,2,3,2,232,0
1874,10064,10,24,2496.75,3,4,4,344,0
1875,5897,123,554,98988.01,4,3,2,432,2
1876,3845,31,142,22031.01,4,4,4,444,0
1877,4688,21,216,27474.03,4,4,4,444,0
1878,5641,0,215,24122.68,1,4,4,144,0
1879,4849,10,231,131240.82,3,4,2,342,0
1880,4501,12,475,51879.4,4,3,3,433,0
1881,6276,48,265,31374.7,4,3,3,433,2
1882,4695,25,190,22192.72,4,4,4,444,0
1883,5274,257,141,16460.82,4,4,4,444,1
1884,2620,5,5770,833480.8,2,1,1,211,3
1885,4629,3,863,84674.35,1,2,2,122,0
1886,5131,3,1511,194099.57,1,1,1,111,0
1887,3477,4,1709,1692093.16,2,1,1,211,0
1888,4069,3,1141,222724.74,1,2,1,121,0
1889,6265,3,695,50374.91,1,2,3,123,0
1890,4529,5,415,42043.5,2,3,3,233,0
1891,4800,38,91,19692.42,4,4,4,444,0
1892,5363,4,717,55928.79,2,2,3,223,0
1893,5887,4,597,61204.51,2,2,2,222,0
1894,5270,4,599,73589.88,2,2,2,222,0
1895,2698,21,140,13343.54,4,4,4,444,0
1896,5379,5,91,11215.23,2,4,4,244,0
1897,6115,5,233,31018.74,2,4,4,244,0
1898,5390,6,629,55815.94,3,2,3,323,0
1899,5864,3,276,44772.41,1,3,3,133,0
1900,2655,3,1776,162214.1,1,1,1,111,0
1901,4057,3,2404,294225.94,1,1,1,111,0
1902,5292,3,903,57797.4,1,2,2,122,0
1903,5269,73,38,6581.16,4,4,4,444,2
1904,4566,0,1720,62801.52,1,1,2,112,0
1905,6301,19,83,12728.2,4,4,4,444,0
1906,2704,6,916,159017.68,3,2,1,321,0
1907,3611,6,649,85602.3,3,2,2,322,0
1908,5035,32,261,47118.11,4,4,3,443,0
1909,2535,6,2547,557750.26,3,1,1,311,0
1910,6205,5,1506,137778.56,2,1,2,212,0
1911,6270,49,122,17592.42,4,4,4,444,2
1912,5127,4,2158,315014.91,2,1,1,211,0
1913,4520,4,329,39959.02,2,3,3,233,0
1914,5594,0,451,29718.26,1,3,4,134,0
1915,2590,5,8485,1259162.32,2,1,1,211,3
1916,5601,3,741,37569.91,1,2,3,123,0
1917,5639,13,185,22208.61,4,4,4,444,0
1918,4106,7,448,20615.42,3,3,4,334,0
1919,6344,6,522,83748.12,3,3,2,332,0
1920,2647,0,11562,1762098.29,1,1,1,111,3
1921,2509,0,3108,514826.56,1,1,1,111,0
1922,4375,3,1231,64322.3,1,1,2,112,0
1923,10016,101,114,15788.55,4,4,4,444,2
1924,4268,5,813,81797.57,2,2,2,222,0
1925,6168,5,540,51949.34,2,3,3,233,0
1926,5636,5,1418,216529.85,2,1,1,211,0
1927,3696,0,1127,203087.53,1,2,1,121,0
1928,10045,0,298,27894.64,1,3,4,134,0
1929,4709,54,160,31086.69,4,4,3,443,2
1930,4744,52,159,30492.42,4,4,4,444,2
1931,4866,4,1676,104155.6,2,1,2,212,0
1932,3403,3,2109,102977.63,1,1,2,112,0
1933,5787,10,520,28720.78,3,3,4,334,0
1934,3705,6,2248,223507.93,3,1,1,311,0
1935,2536,5,4965,909861.52,2,1,1,211,3
1936,4804,11,215,44071.86,3,4,3,343,0
1937,4154,5,791,137538.29,2,2,2,222,0
1938,5544,3,203,29085.91,1,4,4,144,0
1939,5147,14,394,26454.51,4,3,4,434,0
1940,4421,35,231,22438.0,4,4,4,444,0
1941,6311,3,826,51979.32,1,2,3,123,0
1942,5176,0,3555,152582.77,1,1,1,111,3
1943,5567,13,703,29308.17,4,2,4,424,0
1944,5952,6,1137,140381.18,3,2,2,322,0
1945,5893,6,401,50996.54,3,3,3,333,0
1946,2678,0,1530,110055.89,1,1,2,112,0
1947,5570,7,421,56778.71,3,3,2,332,0
1948,2505,3,4561,688995.7,1,1,1,111,3
1949,4794,3,2374,156341.75,1,1,1,111,0
1950,5588,7,167,18787.85,3,4,4,344,0
1951,5328,3,100,14024.05,1,4,4,144,0
1952,2838,7,103,15795.29,3,4,4,344,0
1953,2524,3,5908,1494037.44,1,1,1,111,3
1954,6137,3,1545,112854.52,1,1,2,112,0
1955,4997,3,1634,241495.58,1,1,1,111,0
1956,4888,6,1339,72808.43,3,1,2,312,0
1957,5004,6,1190,110497.52,3,2,2,322,0
1958,5298,3,1150,246748.65,1,2,1,121,0
1959,6306,5,630,103698.77,2,2,2,222,0
1960,2677,3,263,31165.28,1,3,3,133,0
1961,4854,5,492,61245.99,2,3,2,232,0
1962,4923,0,118,18244.81,1,4,4,144,0
1963,5793,6,108,13568.32,3,4,4,344,0
1964,3443,0,3571,526667.94,1,1,1,111,3
1965,5406,6,669,58360.46,3,2,2,322,0
1966,4411,10,560,46295.93,3,3,3,333,0
1967,6145,3,446,32139.3,1,3,3,133,0
1968,4921,0,1246,81834.92,1,1,2,112,0
1969,5188,6,352,47470.67,3,3,3,333,0
1970,5869,4,1191,178251.98,2,2,1,221,0
1971,4604,0,2827,328010.82,1,1,1,111,0
1972,4761,46,129,24765.42,4,4,4,444,2
1973,5086,6,2051,175989.42,3,1,1,311,0
1974,4180,3,3023,123195.35,1,1,2,112,0
1975,2543,3,4459,740562.44,1,1,1,111,3
1976,4377,3,1196,38732.13,1,2,3,123,0
1977,5106,3,1601,172463.54,1,1,1,111,0
1978,2618,3,3777,380855.21,1,1,1,111,3
1979,6144,0,3948,1371042.03,1,1,1,111,3
1980,5761,12,149,27884.94,4,4,4,444,0
1981,5750,12,516,57596.59,4,3,2,432,0
1982,5153,3,819,65646.18,1,2,2,122,0
1983,3920,0,1877,84708.58,1,1,2,112,0
1984,5852,10,198,24022.46,3,4,4,344,0
1985,6254,3,341,26088.1,1,3,4,134,0
1986,6068,3,1023,113328.58,1,2,2,122,0
1987,5957,0,954,134571.99,1,2,2,122,0
1988,3715,5,1544,186513.63,2,1,1,211,0
1989,5891,3,416,40968.56,1,3,3,133,0
1990,5885,6,205,14018.16,3,4,4,344,0
1991,4229,6,1136,217348.17,3,2,1,321,0
1992,5353,12,548,49606.17,4,3,3,433,0
1993,4379,0,925,48747.72,1,2,3,123,0
1994,5884,20,356,31726.3,4,3,3,433,0
1995,2717,109,18,2165.44,4,4,4,444,2
1996,5877,5,600,51261.27,2,2,3,223,0
1997,6058,34,161,11245.58,4,4,4,444,0
1998,2854,60,48,8638.74,4,4,4,444,2
1999,9052,61,3,5616.0,4,4,4,444,2
2000,6196,272,7,1582.5,4,4,4,444,1
2001,9038,61,5,130380.0,4,4,2,442,2
2002,9046,45,1,1209.6,4,4,4,444,2
